Date,GCF,Survey,diff
2025-08-07,4.39,4.33,5.999999999999961
2025-08-06,4.377,4.32,5.6999999999999496
2025-08-05,4.388,4.33,5.799999999999983
2025-08-04,4.368,4.31,5.800000000000072
2025-08-01,4.378,4.32,5.799999999999983
2025-07-31,4.428,4.36,6.799999999999962
2025-07-30,4.37,4.31,6.00000000000005
2025-07-29,4.361,4.34,2.0999999999999908
2025-07-28,4.362,4.35,1.2000000000000455
2025-07-25,4.389,4.35,3.900000000000059
2025-07-24,4.352,4.29,6.200000000000028
2025-07-23,4.319,4.26999999999999,4.900000000001015
2025-07-22,4.319,4.26999999999999,4.900000000001015
2025-07-21,4.31,4.26999999999999,4.0000000000009805
2025-07-18,4.316,4.29,2.59999999999998
2025-07-17,4.373,4.33,4.300000000000015
2025-07-16,4.378,4.33,4.800000000000004
2025-07-15,4.423,4.36,6.299999999999972
2025-07-14,4.353,4.32,3.2999999999999474
2025-07-11,4.372,4.3,7.200000000000006
2025-07-10,4.37,4.3,7.000000000000028
2025-07-09,4.373,4.31,6.300000000000061
2025-07-08,4.377,4.32,5.6999999999999496
2025-07-07,4.377,4.31,6.700000000000017
2025-07-03,4.379,4.32,5.8999999999999275
2025-07-02,4.389,4.37,1.9000000000000128
2025-07-01,4.467,4.38999999999999,7.700000000000973
2025-06-30,4.574,4.38999999999999,18.400000000000993
2025-06-27,4.405,4.37,3.500000000000014
2025-06-26,4.412,4.38,3.200000000000003
2025-06-25,4.408,4.33,7.800000000000029
2025-06-24,4.361,4.279999999999999,8.10000000000004
2025-06-23,4.343,4.26999999999999,7.300000000001017
2025-06-20,4.331,4.26999999999999,6.10000000000106
2025-06-18,4.329,4.26999999999999,5.900000000000993
2025-06-17,4.36,4.29,7.000000000000028
2025-06-16,4.38,4.3,8.000000000000007
2025-06-13,4.34,4.26999999999999,7.000000000001005
2025-06-12,4.326,4.26999999999999,5.600000000000982
2025-06-11,4.327,4.26999999999999,5.700000000001015
2025-06-10,4.334,4.26999999999999,6.400000000000983
2025-06-09,4.338,4.26999999999999,6.8000000000010274
2025-06-06,4.328,4.26999999999999,5.800000000001049
2025-06-05,4.335,4.26999999999999,6.500000000001016
2025-06-04,4.329,4.26999999999999,5.900000000000993
2025-06-03,4.362,4.3,6.200000000000028
2025-06-02,4.385,4.32,6.49999999999995
2025-05-30,4.39,4.34,4.999999999999982
2025-05-29,4.365,4.32,4.499999999999993
2025-05-28,4.371,4.32,5.100000000000016
2025-05-27,4.38,4.3,8.000000000000007
2025-05-23,4.3,4.26,4.0000000000000036
2025-05-22,4.29,4.26,3.000000000000025
2025-05-21,4.306,4.26,4.600000000000026
2025-05-20,4.325,4.26,6.500000000000039
2025-05-19,4.32,4.279999999999999,4.000000000000092
2025-05-16,4.349,4.29,5.900000000000016
2025-05-15,4.369,4.3,6.899999999999995
2025-05-14,4.332,4.279999999999999,5.200000000000049
2025-05-13,4.345,4.29,5.499999999999972
2025-05-12,4.332,4.26999999999999,6.200000000001005
2025-05-09,4.33,4.26999999999999,6.000000000001027
2025-05-08,4.333,4.279999999999999,5.300000000000082
2025-05-07,4.334,4.29,4.3999999999999595
2025-05-06,4.364,4.31,5.400000000000027
2025-05-05,4.364,4.31,5.400000000000027
2025-05-02,4.392,4.33,6.200000000000028
2025-05-01,4.433,4.35,8.300000000000018
2025-04-30,4.488,4.37,11.800000000000033
2025-04-29,4.394,4.35,4.400000000000048
2025-04-28,4.413,4.35,6.300000000000061
2025-04-25,4.385,4.32,6.49999999999995
2025-04-24,4.332,4.279999999999999,5.200000000000049
2025-04-23,4.312,4.26999999999999,4.200000000001047
2025-04-22,4.335,4.29,4.499999999999993
2025-04-21,4.364,4.32,4.3999999999999595
2025-04-17,4.384,4.31,7.400000000000073
2025-04-16,4.376,4.3,7.600000000000051
2025-04-15,4.418,4.35,6.8000000000000504
2025-04-14,4.354,4.33,2.400000000000002
2025-04-11,4.362,4.32,4.1999999999999815
2025-04-10,4.357,4.36,-0.30000000000001137
2025-04-09,4.4,4.3999999999999995,8.881784197001252e-14
2025-04-08,4.434,4.37,6.400000000000006
2025-04-07,4.396,4.31,8.60000000000003
2025-04-04,4.362,4.33,3.200000000000003
2025-04-03,4.414,4.37,4.3999999999999595
2025-04-02,4.413,4.34,7.30000000000004
2025-04-01,4.427,4.35,7.699999999999996
2025-03-31,4.51,4.36,14.999999999999947
2025-03-28,4.383,4.33,5.299999999999994
2025-03-27,4.395,4.34,5.499999999999972
2025-03-26,4.397,4.34,5.700000000000038
2025-03-25,4.388,4.31,7.800000000000029
2025-03-24,4.351,4.3,5.100000000000016
2025-03-21,4.335,4.29,4.499999999999993
2025-03-20,4.342,4.279999999999999,6.200000000000028
2025-03-19,4.323,4.279999999999999,4.300000000000104
2025-03-18,4.352,4.3,5.200000000000049
2025-03-17,4.381,4.31,7.100000000000062
2025-03-14,4.338,4.29,4.800000000000004
2025-03-13,4.337,4.29,4.699999999999971
2025-03-12,4.342,4.3,4.1999999999999815
2025-03-11,4.363,4.31,5.300000000000082
2025-03-10,4.346,4.32,2.59999999999998
2025-03-07,4.37,4.33,4.0000000000000036
2025-03-06,4.382,4.34,4.1999999999999815
2025-03-05,4.383,4.33,5.299999999999994
2025-03-04,4.381,4.32,6.099999999999994
2025-03-03,4.379,4.31,6.899999999999995
2025-02-28,4.421,4.36,6.099999999999994
2025-02-27,4.386,4.34,4.600000000000026
2025-02-26,4.369,4.31,5.900000000000016
2025-02-25,4.372,4.31,6.200000000000028
2025-02-24,4.374,4.32,5.399999999999938
2025-02-21,4.38,4.32,5.999999999999961
2025-02-20,4.386,4.31,7.600000000000051
2025-02-19,4.38,4.33,4.999999999999982
2025-02-18,4.427,4.34,8.699999999999974
2025-02-14,4.393,4.31,8.300000000000018
2025-02-13,4.376,4.32,5.600000000000005
2025-02-12,4.37,4.31,6.00000000000005
2025-02-11,4.38,4.32,5.999999999999961
2025-02-10,4.387,4.33,5.6999999999999496
2025-02-07,4.384,4.34,4.400000000000048
2025-02-06,4.397,4.34,5.700000000000038
2025-02-05,4.382,4.31,7.200000000000006
2025-02-04,4.378,4.31,6.8000000000000504
2025-02-03,4.393,4.33,6.299999999999972
2025-01-31,4.421,4.34,8.10000000000004
2025-01-30,4.39,4.34,4.999999999999982
2025-01-29,4.385,4.33,5.499999999999972
2025-01-28,4.402,4.34,6.200000000000028
2025-01-27,4.398,4.32,7.79999999999994
2025-01-24,4.376,4.33,4.600000000000026
2025-01-23,4.395,4.34,5.499999999999972
2025-01-22,4.332,4.279999999999999,5.200000000000049
2025-01-21,4.32,4.26999999999999,5.000000000001048
2025-01-17,4.32,4.26999999999999,5.000000000001048
2025-01-16,4.342,4.26999999999999,7.200000000000983
2025-01-15,4.307,4.26,4.70000000000006
2025-01-14,4.304,4.26999999999999,3.4000000000010466
2025-01-13,4.317,4.279999999999999,3.700000000000081
2025-01-10,4.339,4.29,4.900000000000038
2025-01-09,4.344,4.279999999999999,6.4000000000000945
2025-01-08,4.319,4.26999999999999,4.900000000001015
2025-01-07,4.31,4.26,4.999999999999982
2025-01-06,4.286,4.26,2.59999999999998
2025-01-03,4.346,4.29,5.600000000000005
2025-01-02,4.419,4.36,5.8999999999999275
2024-12-31,4.545,4.45,9.499999999999975
2024-12-30,4.384,4.35,3.4000000000000696
2024-12-27,4.439,4.45,-1.100000000000012
2024-12-26,4.561,4.5,6.099999999999994
2024-12-24,4.464,4.38999999999999,7.40000000000105
2024-12-23,4.377,4.29,8.699999999999974
2024-12-20,4.346,4.279999999999999,6.6000000000000725
2024-12-19,4.366,4.26999999999999,9.600000000000986
2024-12-18,4.608,4.55999999999999,4.800000000000981
2024-12-17,4.666,4.58999999999999,7.600000000001028
2024-12-16,4.691,4.61,8.099999999999952
2024-12-13,4.641,4.58999999999999,5.100000000000993
2024-12-12,4.655,4.6,5.50000000000006
2024-12-11,4.643,4.6,4.300000000000015
2024-12-10,4.663,4.61,5.299999999999994
2024-12-09,4.67,4.6,7.000000000000028
2024-12-06,4.644,4.58,6.400000000000006
2024-12-05,4.641,4.569999999999999,7.100000000000062
2024-12-04,4.622,4.58,4.1999999999999815
2024-12-03,4.674,4.6,7.400000000000073
2024-12-02,4.696,4.6,9.600000000000009
2024-11-29,4.645,4.58,6.49999999999995
2024-11-27,4.604,4.55999999999999,4.400000000001025
2024-11-26,4.612,4.569999999999999,4.20000000000007
2024-11-25,4.605,4.569999999999999,3.500000000000103
2024-11-22,4.603,4.55999999999999,4.300000000000992
2024-11-21,4.609,4.55999999999999,4.900000000001015
2024-11-20,4.584,4.55999999999999,2.400000000000979
2024-11-19,4.596,4.55999999999999,3.6000000000010246
2024-11-18,4.595,4.55999999999999,3.500000000000991
2024-11-15,4.606,4.55999999999999,4.600000000001003
2024-11-14,4.61,4.569999999999999,4.000000000000092
2024-11-13,4.617,4.58,3.699999999999992
2024-11-12,4.642,4.58,6.200000000000028
2024-11-08,4.628,4.569999999999999,5.800000000000072
2024-11-07,4.849,4.82,2.8999999999999915
2024-11-06,4.83,4.81,2.000000000000046
2024-11-05,4.846,4.81,3.6000000000000476
2024-11-04,4.861,4.82,4.099999999999948
2024-11-01,4.894,4.84,5.400000000000027
2024-10-31,4.962,4.84999999999999,11.200000000000987
2024-10-30,4.845,4.81,3.500000000000014
2024-10-29,4.849,4.81,3.900000000000059
2024-10-28,4.853,4.81,4.300000000000015
2024-10-25,4.867,4.82,4.699999999999971
2024-10-24,4.871,4.83,4.100000000000037
2024-10-23,4.875,4.82,5.499999999999972
2024-10-22,4.892,4.82,7.200000000000006
2024-10-21,4.892,4.81,8.200000000000074
2024-10-18,4.885,4.82,6.49999999999995
2024-10-17,4.935,4.84,9.499999999999975
2024-10-16,4.945,4.84,10.500000000000043
2024-10-15,4.932,4.83,10.200000000000031
2024-10-11,4.845,4.81,3.500000000000014
2024-10-10,4.85,4.81,4.0000000000000036
2024-10-09,4.857,4.82,3.699999999999992
2024-10-08,4.887,4.83,5.6999999999999496
2024-10-07,4.878,4.82,5.799999999999983
2024-10-04,4.885,4.82,6.49999999999995
2024-10-03,4.895,4.82,7.499999999999929
2024-10-02,4.963,4.87,9.299999999999997
2024-10-01,5.159,4.92,23.899999999999988
2024-09-30,5.221,4.87999999999999,34.100000000000996
2024-09-27,4.892,4.83,6.200000000000028
2024-09-26,4.893,4.83,6.299999999999972
2024-09-25,4.891,4.83,6.099999999999994
2024-09-24,4.892,4.83,6.200000000000028
2024-09-23,4.868,4.82,4.800000000000004
2024-09-20,4.865,4.81,5.50000000000006
2024-09-19,4.857,4.81,4.70000000000006
2024-09-18,5.368,5.319999999999999,4.800000000000093
2024-09-17,5.421,5.33,9.10000000000002
2024-09-16,5.436,5.33,10.599999999999987
2024-09-13,5.41,5.319999999999999,9.000000000000075
2024-09-12,5.399,5.30999999999999,8.900000000001018
2024-09-11,5.375,5.30999999999999,6.500000000001016
2024-09-10,5.375,5.30999999999999,6.500000000001016
2024-09-09,5.403,5.319999999999999,8.300000000000018
2024-09-06,5.417,5.33,8.699999999999974
2024-09-05,5.432,5.319999999999999,11.200000000000099
2024-09-04,5.431,5.319999999999999,11.100000000000065
2024-09-03,5.465,5.33,13.499999999999979
2024-08-30,5.391,5.319999999999999,7.100000000000062
2024-08-29,5.382,5.319999999999999,6.200000000000028
2024-08-28,5.4,5.33999999999999,6.000000000001027
2024-08-27,5.419,5.33999999999999,7.900000000000951
2024-08-26,5.397,5.319999999999999,7.7000000000000846
2024-08-23,5.39,5.319999999999999,7.000000000000028
2024-08-22,5.364,5.30999999999999,5.400000000001004
2024-08-21,5.347,5.3,4.70000000000006
2024-08-20,5.363,5.30999999999999,5.300000000001059
2024-08-19,5.367,5.30999999999999,5.700000000001015
2024-08-16,5.37,5.319999999999999,5.000000000000071
2024-08-15,5.407,5.319999999999999,8.700000000000063
2024-08-14,5.365,5.319999999999999,4.500000000000082
2024-08-13,5.403,5.33999999999999,6.300000000000949
2024-08-12,5.398,5.33,6.799999999999962
2024-08-09,5.396,5.33,6.599999999999984
2024-08-08,5.415,5.33,8.499999999999996
2024-08-07,5.389,5.319999999999999,6.900000000000084
2024-08-06,5.398,5.319999999999999,7.800000000000029
2024-08-05,5.378,5.319999999999999,5.800000000000072
2024-08-02,5.397,5.33,6.700000000000017
2024-08-01,5.448,5.33999999999999,10.800000000001031
2024-07-31,5.471,5.33999999999999,13.100000000001
2024-07-30,5.391,5.319999999999999,7.100000000000062
2024-07-29,5.385,5.33,5.499999999999972
2024-07-26,5.406,5.33999999999999,6.600000000000961
2024-07-25,5.423,5.33999999999999,8.300000000000995
2024-07-24,5.382,5.33,5.19999999999996
2024-07-23,5.386,5.319999999999999,6.6000000000000725
2024-07-22,5.383,5.319999999999999,6.300000000000061
2024-07-19,5.39,5.319999999999999,7.000000000000028
2024-07-18,5.409,5.319999999999999,8.900000000000041
2024-07-17,5.428,5.33,9.799999999999986
2024-07-16,5.426,5.33999999999999,8.600000000001007
2024-07-15,5.417,5.33,8.699999999999974
2024-07-12,5.392,5.319999999999999,7.200000000000095
2024-07-11,5.41,5.319999999999999,9.000000000000075
2024-07-10,5.399,5.33,6.899999999999995
2024-07-09,5.41,5.33,8.000000000000007
2024-07-08,5.386,5.30999999999999,7.600000000001028
2024-07-05,5.371,5.30999999999999,6.10000000000106
2024-07-03,5.373,5.319999999999999,5.300000000000082
2024-07-02,5.418,5.33,8.800000000000008
2024-07-01,5.425,5.33,9.499999999999975
2024-06-28,5.39,5.319999999999999,7.000000000000028
2024-06-27,5.36,5.319999999999999,4.000000000000092
2024-06-26,5.389,5.33,5.900000000000016
2024-06-25,5.42,5.319999999999999,10.000000000000053
2024-06-24,5.364,5.3,6.400000000000006
2024-06-21,5.352,5.3,5.200000000000049
2024-06-20,5.345,5.30999999999999,3.500000000000991
2024-06-18,5.385,5.319999999999999,6.500000000000039
2024-06-17,5.408,5.319999999999999,8.800000000000097
2024-06-14,5.376,5.3,7.600000000000051
2024-06-13,5.371,5.30999999999999,6.10000000000106
2024-06-12,5.356,5.30999999999999,4.600000000001003
2024-06-11,5.367,5.30999999999999,5.700000000001015
2024-06-10,5.359,5.319999999999999,3.900000000000059
2024-06-07,5.385,5.319999999999999,6.500000000000039
2024-06-06,5.396,5.319999999999999,7.600000000000051
2024-06-05,5.39,5.319999999999999,7.000000000000028
2024-06-04,5.403,5.319999999999999,8.300000000000018
2024-06-03,5.41,5.319999999999999,9.000000000000075
2024-05-31,5.423,5.33,9.299999999999997
2024-05-30,5.374,5.319999999999999,5.400000000000027
2024-05-29,5.395,5.319999999999999,7.500000000000018
2024-05-28,5.4,5.30999999999999,9.000000000001052
2024-05-24,5.369,5.30999999999999,5.900000000000993
2024-05-23,5.356,5.3,5.600000000000005
2024-05-22,5.351,5.3,5.100000000000016
2024-05-21,5.355,5.3,5.50000000000006
2024-05-20,5.349,5.3,4.900000000000038
2024-05-17,5.356,5.3,5.600000000000005
2024-05-16,5.372,5.3,7.200000000000006
2024-05-15,5.362,5.3,6.200000000000028
2024-05-14,5.348,5.3,4.800000000000004
2024-05-13,5.318,5.3,1.7999999999999794
2024-05-10,5.346,5.3,4.600000000000026
2024-05-09,5.35,5.3,4.999999999999982
2024-05-08,5.351,5.3,5.100000000000016
2024-05-07,5.361,5.3,6.099999999999994
2024-05-06,5.349,5.3,4.900000000000038
2024-05-03,5.349,5.3,4.900000000000038
2024-05-02,5.369,5.30999999999999,5.900000000000993
2024-05-01,5.371,5.30999999999999,6.10000000000106
2024-04-30,5.413,5.30999999999999,10.300000000001042
2024-04-29,5.361,5.30999999999999,5.100000000000993
2024-04-26,5.358,5.30999999999999,4.800000000000981
2024-04-25,5.369,5.30999999999999,5.900000000000993
2024-04-24,5.329,5.3,2.8999999999999915
2024-04-23,5.331,5.3,3.1000000000000583
2024-04-22,5.324,5.3,2.400000000000002
2024-04-19,5.329,5.3,2.8999999999999915
2024-04-18,5.339,5.3,3.900000000000059
2024-04-17,5.317,5.3,1.7000000000000348
2024-04-16,5.359,5.30999999999999,4.900000000001015
2024-04-15,5.391,5.30999999999999,8.100000000001017
2024-04-12,5.344,5.3,4.400000000000048
2024-04-11,5.341,5.3,4.100000000000037
2024-04-10,5.351,5.3,5.100000000000016
2024-04-09,5.348,5.30999999999999,3.8000000000010026
2024-04-08,5.354,5.30999999999999,4.400000000001025
2024-04-05,5.365,5.30999999999999,5.500000000001037
2024-04-04,5.373,5.30999999999999,6.300000000001038
2024-04-03,5.366,5.30999999999999,5.600000000000982
2024-04-02,5.416,5.33,8.60000000000003
2024-04-01,5.461,5.33,13.100000000000023
2024-03-28,5.367,5.319999999999999,4.70000000000006
2024-03-27,5.384,5.33,5.400000000000027
2024-03-26,5.385,5.30999999999999,7.500000000000995
2024-03-25,5.348,5.30999999999999,3.8000000000010026
2024-03-22,5.346,5.30999999999999,3.6000000000010246
2024-03-21,5.346,5.3,4.600000000000026
2024-03-20,5.334,5.3,3.399999999999981
2024-03-19,5.142,5.3,-15.799999999999947
2024-03-18,5.334,5.3,3.399999999999981
2024-03-15,5.36,5.3,6.00000000000005
2024-03-14,5.34,5.3,4.0000000000000036
2024-03-13,5.34,5.3,4.0000000000000036
2024-03-12,5.361,5.3,6.099999999999994
2024-03-11,5.347,5.3,4.70000000000006
2024-03-08,5.358,5.3,5.799999999999983
2024-03-07,5.36,5.3,6.00000000000005
2024-03-06,5.337,5.3,3.699999999999992
2024-03-05,5.342,5.3,4.1999999999999815
2024-03-04,5.341,5.3,4.100000000000037
2024-03-01,5.358,5.30999999999999,4.800000000000981
2024-02-29,5.371,5.30999999999999,6.10000000000106
2024-02-28,5.328,5.3,2.800000000000047
2024-02-27,5.34,5.3,4.0000000000000036
2024-02-26,5.356,5.3,5.600000000000005
2024-02-23,5.349,5.3,4.900000000000038
2024-02-22,5.331,5.3,3.1000000000000583
2024-02-21,5.323,5.3,2.3000000000000576
2024-02-20,5.321,5.3,2.0999999999999908
2024-02-16,5.318,5.3,1.7999999999999794
2024-02-15,5.329,5.3,2.8999999999999915
2024-02-14,5.296,5.3,-0.39999999999995595
2024-02-13,5.31,5.3,0.9999999999999787
2024-02-12,5.332,5.3,3.200000000000003
2024-02-09,5.347,5.3,4.70000000000006
2024-02-08,5.333,5.3,3.3000000000000362
2024-02-07,5.348,5.3,4.800000000000004
2024-02-06,5.353,5.3,5.299999999999994
2024-02-05,5.32,5.3,2.000000000000046
2024-02-02,5.347,5.30999999999999,3.700000000001058
2024-02-01,5.378,5.30999999999999,6.8000000000010274
2024-01-31,5.375,5.30999999999999,6.500000000001016
2024-01-30,5.349,5.3,4.900000000000038
2024-01-29,5.313,5.3,1.29999999999999
2024-01-26,5.352,5.30999999999999,4.200000000001047
2024-01-25,5.38,5.30999999999999,7.000000000001005
2024-01-24,5.36,5.3,6.00000000000005
2024-01-23,5.332,5.3,3.200000000000003
2024-01-22,5.314,5.3,1.4000000000000234
2024-01-19,5.327,5.3,2.7000000000000135
2024-01-18,5.338,5.3,3.8000000000000256
2024-01-17,5.348,5.3,4.800000000000004
2024-01-16,5.379,5.3,7.899999999999974
2024-01-12,5.356,5.3,5.600000000000005
2024-01-11,5.36,5.3,6.00000000000005
2024-01-10,5.362,5.3,6.200000000000028
2024-01-09,5.38,5.3,8.000000000000007
2024-01-08,5.368,5.3,6.8000000000000504
2024-01-05,5.362,5.3,6.200000000000028
2024-01-04,5.387,5.30999999999999,7.700000000000973
2024-01-03,5.451,5.33,12.099999999999955
2024-01-02,5.504,5.33,17.39999999999995
2023-12-29,5.434,5.33,10.40000000000001
2023-12-28,5.495,5.35,14.500000000000046
2023-12-27,5.486,5.33,15.59999999999997
2023-12-26,5.452,5.30999999999999,14.200000000001012
2023-12-22,5.395,5.3,9.499999999999975
2023-12-21,5.362,5.3,6.200000000000028
2023-12-20,5.35,5.3,4.999999999999982
2023-12-19,5.363,5.3,6.300000000000061
2023-12-18,5.378,5.3,7.800000000000029
2023-12-15,5.385,5.3,8.499999999999996
2023-12-14,5.351,5.3,5.100000000000016
2023-12-13,5.349,5.3,4.900000000000038
2023-12-12,5.369,5.3,6.899999999999995
2023-12-11,5.375,5.3,7.500000000000018
2023-12-08,5.372,5.3,7.200000000000006
2023-12-07,5.387,5.3,8.699999999999974
2023-12-06,5.384,5.30999999999999,7.40000000000105
2023-12-05,5.387,5.30999999999999,7.700000000000973
2023-12-04,5.417,5.30999999999999,10.700000000000998
2023-12-01,5.435,5.30999999999999,12.500000000000977
2023-11-30,5.427,5.30999999999999,11.700000000000976
2023-11-29,5.393,5.3,9.299999999999997
2023-11-28,5.393,5.3,9.299999999999997
2023-11-27,5.396,5.3,9.600000000000009
2023-11-24,5.392,5.3,9.200000000000053
2023-11-22,5.354,5.3,5.400000000000027
2023-11-21,5.362,5.3,6.200000000000028
2023-11-20,5.361,5.3,6.099999999999994
2023-11-17,5.381,5.3,8.10000000000004
2023-11-16,5.395,5.3,9.499999999999975
2023-11-15,5.397,5.3,9.700000000000042
2023-11-14,5.383,5.3,8.300000000000018
2023-11-13,5.397,5.3,9.700000000000042
2023-11-10,5.387,5.3,8.699999999999974
2023-11-09,5.395,5.3,9.499999999999975
2023-11-08,5.386,5.3,8.60000000000003
2023-11-07,5.39,5.3,8.999999999999986
2023-11-06,5.389,5.3,8.900000000000041
2023-11-03,5.386,5.3,8.60000000000003
2023-11-02,5.397,5.3,9.700000000000042
2023-11-01,5.395,5.3,9.499999999999975
2023-10-31,5.395,5.3,9.499999999999975
2023-10-30,5.351,5.3,5.100000000000016
2023-10-27,5.351,5.3,5.100000000000016
2023-10-26,5.358,5.3,5.799999999999983
2023-10-25,5.347,5.3,4.70000000000006
2023-10-24,5.328,5.3,2.800000000000047
2023-10-23,5.306,5.3,0.6000000000000227
2023-10-20,5.327,5.3,2.7000000000000135
2023-10-19,5.331,5.3,3.1000000000000583
2023-10-18,5.319,5.3,1.9000000000000128
2023-10-17,5.307,5.3,0.7000000000000561
2023-10-16,5.38,5.3,8.000000000000007
2023-10-13,5.374,5.3,7.399999999999984
2023-10-12,5.379,5.3,7.899999999999974
2023-10-11,5.371,5.3,7.100000000000062
2023-10-10,5.394,5.3,9.40000000000003
2023-10-06,5.382,5.3,8.199999999999985
2023-10-05,5.377,5.3,7.699999999999996
2023-10-04,5.389,5.3,8.900000000000041
2023-10-03,5.399,5.3,9.90000000000002
2023-10-02,5.394,5.3,9.40000000000003
2023-09-29,5.351,5.3,5.100000000000016
2023-09-28,5.367,5.3,6.700000000000017
2023-09-27,5.364,5.3,6.400000000000006
2023-09-26,5.379,5.3,7.899999999999974
2023-09-25,5.363,5.3,6.300000000000061
2023-09-22,5.36,5.3,6.00000000000005
2023-09-21,5.351,5.3,5.100000000000016
2023-09-20,5.352,5.3,5.200000000000049
2023-09-19,5.359,5.3,5.900000000000016
2023-09-18,5.365,5.3,6.500000000000039
2023-09-15,5.369,5.3,6.899999999999995
2023-09-14,5.354,5.3,5.400000000000027
2023-09-13,5.354,5.3,5.400000000000027
2023-09-12,5.358,5.3,5.799999999999983
2023-09-11,5.359,5.3,5.900000000000016
2023-09-08,5.353,5.3,5.299999999999994
2023-09-07,5.36,5.3,6.00000000000005
2023-09-06,5.336,5.3,3.6000000000000476
2023-09-05,5.359,5.29,6.899999999999995
2023-09-01,5.363,5.3,6.300000000000061
2023-08-31,5.367,5.3,6.700000000000017
2023-08-30,5.338,5.29,4.800000000000004
2023-08-29,5.35,5.29,5.999999999999961
2023-08-28,5.353,5.29,6.299999999999972
2023-08-25,5.344,5.28,6.400000000000006
2023-08-24,5.332,5.28,5.19999999999996
2023-08-23,5.33,5.27,6.00000000000005
2023-08-22,5.36,5.27,9.000000000000075
2023-08-21,5.298,5.27,2.800000000000047
2023-08-18,5.302,5.27,3.200000000000003
2023-08-17,5.339,5.28,5.900000000000016
2023-08-16,5.342,5.28,6.199999999999939
2023-08-15,5.358,5.29,6.799999999999962
2023-08-14,5.339,5.28,5.900000000000016
2023-08-11,5.335,5.28,5.499999999999972
2023-08-10,5.337,5.28,5.6999999999999496
2023-08-09,5.323,5.27,5.300000000000082
2023-08-08,5.324,5.28,4.3999999999999595
2023-08-07,5.301,5.28,2.0999999999999908
2023-08-04,5.271,5.28,-0.9000000000000341
2023-08-03,5.314,5.28,3.399999999999981
2023-08-02,5.297,5.28,1.699999999999946
2023-08-01,5.353,5.28,7.299999999999951
2023-07-31,5.358,5.29,6.799999999999962
2023-07-28,5.288,5.28,0.8000000000000007
2023-07-27,5.365,5.28,8.499999999999996
2023-07-26,5.115,5.04,7.500000000000018
2023-07-25,5.116,5.029999999999999,8.60000000000003
2023-07-24,5.096,5.029999999999999,6.6000000000000725
2023-07-21,5.098,5.029999999999999,6.8000000000000504
2023-07-20,5.089,5.029999999999999,5.900000000000105
2023-07-19,5.112,5.029999999999999,8.200000000000074
2023-07-18,5.13,5.04,8.999999999999986
2023-07-17,5.103,5.029999999999999,7.30000000000004
2023-07-14,5.117,5.029999999999999,8.700000000000063
2023-07-13,5.104,5.04,6.400000000000006
2023-07-12,5.103,5.04,6.299999999999972
2023-07-11,5.102,5.04,6.200000000000028
2023-07-10,5.125,5.04,8.499999999999996
2023-07-07,5.136,5.04,9.600000000000009
2023-07-06,5.137,5.04,9.699999999999953
2023-07-05,5.137,5.04999999999999,8.700000000000951
2023-07-03,5.126,5.04999999999999,7.600000000001028
2023-06-30,5.108,5.04999999999999,5.80000000000096
2023-06-29,5.146,5.04999999999999,9.600000000000986
2023-06-28,5.141,5.04,10.099999999999998
2023-06-27,5.138,5.04,9.799999999999986
2023-06-26,5.117,5.029999999999999,8.700000000000063
2023-06-23,5.106,5.029999999999999,7.600000000000051
2023-06-22,5.104,5.029999999999999,7.400000000000073
2023-06-21,5.079,5.029999999999999,4.900000000000038
2023-06-20,5.094,5.029999999999999,6.4000000000000945
2023-06-16,5.086,5.04,4.600000000000026
2023-06-15,5.129,5.04,8.899999999999952
2023-06-14,5.082,5.029999999999999,5.200000000000049
2023-06-13,5.093,5.029999999999999,6.300000000000061
2023-06-12,5.082,5.029999999999999,5.200000000000049
2023-06-09,5.1,5.029999999999999,7.000000000000028
2023-06-08,5.094,5.029999999999999,6.4000000000000945
2023-06-07,5.087,5.04,4.699999999999971
2023-06-06,5.114,5.029999999999999,8.400000000000052
2023-06-05,5.12,5.04999999999999,7.000000000001005
2023-06-02,5.141,5.04999999999999,9.100000000000996
2023-06-01,5.195,5.04999999999999,14.500000000001023
2023-05-31,5.178,5.04999999999999,12.800000000000988
2023-05-30,5.107,5.04999999999999,5.700000000001015
2023-05-26,5.103,5.04999999999999,5.300000000000971
2023-05-25,5.151,5.04999999999999,10.100000000000975
2023-05-24,5.098,5.029999999999999,6.8000000000000504
2023-05-23,5.104,5.01999999999999,8.400000000001029
2023-05-22,5.078,5.01999999999999,5.800000000001049
2023-05-19,5.075,5.01999999999999,5.500000000001037
2023-05-18,5.093,5.01999999999999,7.300000000001017
2023-05-17,5.095,5.01999999999999,7.500000000000995
2023-05-16,5.114,5.01999999999999,9.400000000001008
2023-05-15,5.104,5.01999999999999,8.400000000001029
2023-05-12,5.087,5.01999999999999,6.700000000000994
2023-05-11,5.096,5.01999999999999,7.600000000001028
2023-05-10,5.079,5.01999999999999,5.900000000000993
2023-05-09,5.101,5.029999999999999,7.100000000000062
2023-05-08,5.106,5.029999999999999,7.600000000000051
2023-05-05,5.128,5.029999999999999,9.800000000000075
2023-05-04,5.118,5.029999999999999,8.800000000000097
2023-05-03,4.873,4.79,8.300000000000018
2023-05-02,4.877,4.78,9.699999999999953
2023-05-01,4.869,4.78,8.899999999999952
2023-04-28,4.836,4.79,4.600000000000026
2023-04-27,4.823,4.78,4.300000000000015
2023-04-26,4.831,4.76999999999999,6.10000000000106
2023-04-25,4.85,4.76999999999999,8.000000000000984
2023-04-24,4.824,4.76999999999999,5.400000000001004
2023-04-21,4.819,4.75999999999999,5.900000000000993
2023-04-20,4.825,4.75999999999999,6.500000000001016
2023-04-19,4.806,4.75999999999999,4.600000000001003
2023-04-18,4.838,4.76999999999999,6.8000000000010274
2023-04-17,4.849,4.76999999999999,7.9000000000010395
2023-04-14,4.85,4.76999999999999,8.000000000000984
2023-04-13,4.855,4.76999999999999,8.500000000001062
2023-04-12,4.822,4.76999999999999,5.200000000001026
2023-04-11,4.846,4.78,6.599999999999984
2023-04-10,4.827,4.78,4.699999999999971
2023-04-06,4.856,4.79,6.599999999999984
2023-04-05,4.868,4.79,7.800000000000029
2023-04-04,4.887,4.8,8.699999999999974
2023-04-03,4.908,4.8,10.800000000000054
2023-03-31,4.916,4.8,11.600000000000055
2023-03-30,4.884,4.79,9.40000000000003
2023-03-29,4.846,4.79,5.600000000000005
2023-03-28,4.872,4.8,7.200000000000006
2023-03-27,4.89,4.79,9.999999999999964
2023-03-24,4.859,4.78,7.899999999999974
2023-03-23,4.846,4.76999999999999,7.600000000001028
2023-03-22,4.588,4.52,6.8000000000000504
2023-03-21,4.588,4.52,6.8000000000000504
2023-03-20,4.585,4.52,6.500000000000039
2023-03-17,4.587,4.53,5.6999999999999496
2023-03-16,4.613,4.55,6.300000000000061
2023-03-15,4.595,4.55,4.499999999999993
2023-03-14,4.609,4.53,7.899999999999974
2023-03-13,4.569,4.52,4.900000000000038
2023-03-10,4.574,4.51,6.400000000000006
2023-03-09,4.586,4.51,7.600000000000051
2023-03-08,4.566,4.51,5.600000000000005
2023-03-07,4.568,4.51,5.799999999999983
2023-03-06,4.561,4.51,5.100000000000016
2023-03-03,4.568,4.51,5.799999999999983
2023-03-02,4.577,4.52,5.700000000000038
2023-03-01,4.563,4.52,4.300000000000015
2023-02-28,4.577,4.52,5.700000000000038
2023-02-27,4.546,4.51,3.6000000000000476
2023-02-24,4.56,4.51,4.999999999999982
2023-02-23,4.561,4.51,5.100000000000016
2023-02-22,4.552,4.52,3.200000000000003
2023-02-21,4.558,4.52,3.8000000000000256
2023-02-17,4.56,4.52,4.0000000000000036
2023-02-16,4.591,4.53,6.099999999999994
2023-02-15,4.59,4.53,5.999999999999961
2023-02-14,4.582,4.52,6.200000000000028
2023-02-13,4.58,4.52,6.00000000000005
2023-02-10,4.58,4.52,6.00000000000005
2023-02-09,4.597,4.52,7.7000000000000846
2023-02-08,4.588,4.52,6.8000000000000504
2023-02-07,4.589,4.52,6.900000000000084
2023-02-06,4.572,4.52,5.200000000000049
2023-02-03,4.593,4.52,7.30000000000004
2023-02-02,4.593,4.52,7.30000000000004
2023-02-01,4.336,4.26999999999999,6.6000000000010495
2023-01-31,4.347,4.279999999999999,6.700000000000106
2023-01-30,4.32,4.26999999999999,5.000000000001048
2023-01-27,4.321,4.26999999999999,5.100000000000993
2023-01-26,4.322,4.26999999999999,5.200000000001026
2023-01-25,4.323,4.26999999999999,5.300000000001059
2023-01-24,4.32,4.26999999999999,5.000000000001048
2023-01-23,4.3,4.26,4.0000000000000036
2023-01-20,4.304,4.26,4.400000000000048
2023-01-19,4.321,4.26999999999999,5.100000000000993
2023-01-18,4.31,4.26999999999999,4.0000000000009805
2023-01-17,4.324,4.279999999999999,4.400000000000048
2023-01-13,4.306,4.26999999999999,3.6000000000010246
2023-01-12,4.318,4.26999999999999,4.800000000000981
2023-01-11,4.318,4.26999999999999,4.800000000000981
2023-01-10,4.317,4.26999999999999,4.700000000001037
2023-01-09,4.316,4.26999999999999,4.600000000001003
2023-01-06,4.316,4.26999999999999,4.600000000001003
2023-01-05,4.318,4.26999999999999,4.800000000000981
2023-01-04,4.313,4.26999999999999,4.300000000000992
2023-01-03,4.317,4.26999999999999,4.700000000001037
2022-12-30,4.279,4.26,1.9000000000000128
2022-12-29,4.308,4.26,4.800000000000004
2022-12-28,4.305,4.26,4.499999999999993
2022-12-27,4.31,4.26999999999999,4.0000000000009805
2022-12-23,4.307,4.26,4.70000000000006
2022-12-22,4.309,4.26,4.900000000000038
2022-12-21,4.3,4.26,4.0000000000000036
2022-12-20,4.309,4.26,4.900000000000038
2022-12-19,4.324,4.26999999999999,5.400000000001004
2022-12-16,4.365,4.279999999999999,8.500000000000085
2022-12-15,4.345,4.26999999999999,7.500000000000995
2022-12-14,3.814,3.7599999999999896,5.400000000001048
2022-12-13,3.815,3.7599999999999896,5.500000000001037
2022-12-12,3.819,3.7599999999999896,5.900000000001038
2022-12-09,3.824,3.7599999999999896,6.400000000001027
2022-12-08,3.812,3.7599999999999896,5.200000000001026
2022-12-07,3.804,3.7599999999999896,4.400000000001025
2022-12-06,3.806,3.77,3.600000000000003
2022-12-05,3.83,3.78,5.000000000000027
2022-12-02,3.839,3.78,5.900000000000016
2022-12-01,3.842,3.78,6.200000000000028
2022-11-30,3.818,3.790000000000001,2.7999999999999137
2022-11-29,3.836,3.77,6.599999999999984
2022-11-28,3.829,3.77,5.900000000000016
2022-11-25,3.829,3.7599999999999896,6.900000000001061
2022-11-23,3.792,3.7599999999999896,3.2000000000010242
2022-11-22,3.818,3.7599999999999896,5.800000000001049
2022-11-21,3.801,3.7599999999999896,4.100000000001058
2022-11-18,3.815,3.7599999999999896,5.500000000001037
2022-11-17,3.823,3.77,5.299999999999994
2022-11-16,3.829,3.77,5.900000000000016
2022-11-15,3.821,3.77,5.100000000000016
2022-11-14,3.814,3.75,6.400000000000006
2022-11-10,3.797,3.75,4.700000000000015
2022-11-09,3.786,3.75,3.600000000000003
2022-11-08,3.795,3.75,4.499999999999993
2022-11-07,3.793,3.75,4.300000000000015
2022-11-04,3.8,3.7599999999999896,4.000000000001025
2022-11-03,3.773,3.7599999999999896,1.3000000000010559
2022-11-02,3.047,3.0,4.700000000000015
2022-11-01,3.064,3.01,5.400000000000027
2022-10-31,3.034,3.0,3.399999999999981
2022-10-28,3.056,3.0,5.600000000000005
2022-10-27,3.056,3.0,5.600000000000005
2022-10-26,3.047,3.0,4.700000000000015
2022-10-25,3.041,3.0,4.0999999999999925
2022-10-24,3.036,3.0,3.600000000000003
2022-10-21,3.024,3.0,2.400000000000002
2022-10-20,3.038,3.0,3.799999999999981
2022-10-19,3.046,3.0,4.599999999999982
2022-10-18,3.047,3.0,4.700000000000015
2022-10-17,3.06,3.0,6.000000000000005
2022-10-14,3.052,3.0,5.200000000000005
2022-10-13,3.056,3.0,5.600000000000005
2022-10-12,3.053,3.0,5.299999999999994
2022-10-11,3.065,3.0,6.499999999999995
2022-10-07,3.063,3.0,6.300000000000017
2022-10-06,3.064,3.0,6.400000000000006
2022-10-05,3.064,3.0,6.400000000000006
2022-10-04,3.064,3.0,6.400000000000006
2022-10-03,3.053,2.99,6.299999999999972
2022-09-30,3.04,2.97,6.999999999999984
2022-09-29,2.979,2.97,0.8999999999999897
2022-09-28,2.953,2.98,-2.7000000000000135
2022-09-27,2.952,2.98,-2.8000000000000025
2022-09-26,2.99,2.99,0.0
2022-09-23,2.969,2.99,-2.100000000000035
2022-09-22,3.009,2.99,1.8999999999999684
2022-09-21,2.221,2.25,-2.8999999999999915
2022-09-20,2.261,2.25,1.100000000000012
2022-09-19,2.272,2.26,1.200000000000001
2022-09-16,2.283,2.26,2.300000000000013
2022-09-15,2.298,2.26,3.8000000000000256
2022-09-14,2.28,2.26,2.0000000000000018
2022-09-13,2.285,2.26,2.5000000000000355
2022-09-12,2.294,2.26,3.4000000000000252
2022-09-09,2.295,2.26,3.500000000000014
2022-09-08,2.284,2.26,2.400000000000002
2022-09-07,2.279,2.26,1.9000000000000128
2022-09-06,2.306,2.26,4.600000000000026
2022-09-02,2.298,2.26,3.8000000000000256
2022-09-01,2.303,2.26,4.300000000000015
2022-08-31,2.287,2.26,2.7000000000000135
2022-08-30,2.303,2.26,4.300000000000015
2022-08-29,2.298,2.26,3.8000000000000256
2022-08-26,2.31,2.26,5.000000000000027
2022-08-25,2.301,2.26,4.100000000000037
2022-08-24,2.276,2.26,1.6000000000000014
2022-08-23,2.285,2.26,2.5000000000000355
2022-08-22,2.267,2.26,0.7000000000000117
2022-08-19,2.277,2.26,1.7000000000000348
2022-08-18,2.298,2.26,3.8000000000000256
2022-08-17,2.3,2.26,4.0000000000000036
2022-08-16,2.304,2.26,4.400000000000004
2022-08-15,2.307,2.26,4.700000000000015
2022-08-12,2.295,2.26,3.500000000000014
2022-08-11,2.302,2.26,4.200000000000026
2022-08-10,2.272,2.26,1.200000000000001
2022-08-09,2.307,2.26,4.700000000000015
2022-08-08,2.299,2.26,3.9000000000000146
2022-08-05,2.299,2.26,3.9000000000000146
2022-08-04,2.303,2.27,3.299999999999992
2022-08-03,2.302,2.27,3.200000000000003
2022-08-02,2.315,2.27,4.499999999999993
2022-08-01,2.308,2.25,5.799999999999983
2022-07-29,2.282,2.25,3.200000000000003
2022-07-28,2.271,2.25,2.0999999999999908
2022-07-27,1.531,1.51,2.0999999999999908
2022-07-26,1.553,1.51,4.299999999999993
2022-07-25,1.535,1.51,2.499999999999991
2022-07-22,1.53,1.5,3.0000000000000027
2022-07-21,1.53,1.51,2.0000000000000018
2022-07-20,1.534,1.51,2.400000000000002
2022-07-19,1.549,1.51,3.8999999999999924
2022-07-18,1.544,1.51,3.400000000000003
2022-07-15,1.561,1.51,5.099999999999993
2022-07-14,1.547,1.51,3.699999999999992
2022-07-13,1.541,1.51,3.0999999999999917
2022-07-12,1.547,1.51,3.699999999999992
2022-07-11,1.55,1.51,4.0000000000000036
2022-07-08,1.176,1.51,-33.400000000000006
2022-07-07,1.552,1.51,4.200000000000004
2022-07-06,1.548,1.51,3.8000000000000034
2022-07-05,1.556,1.51,4.600000000000004
2022-07-01,1.533,1.5,3.299999999999992
2022-06-30,1.473,1.48,-0.6999999999999895
2022-06-29,1.477,1.51,-3.299999999999992
2022-06-28,1.508,1.51,-0.20000000000000018
2022-06-27,1.55,1.49,6.000000000000005
2022-06-24,1.517,1.46,5.699999999999994
2022-06-23,1.497,1.46,3.7000000000000144
2022-06-22,1.486,1.46,2.6000000000000023
2022-06-21,1.471,1.46,1.100000000000012
2022-06-17,1.474,1.46,1.4000000000000012
2022-06-16,1.445,1.46,-1.4999999999999902
2022-06-15,0.704,0.72,-1.6000000000000014
2022-06-14,0.7,0.72,-2.0000000000000018
2022-06-13,0.716,0.75,-3.400000000000003
2022-06-10,0.748,0.76,-1.200000000000001
2022-06-09,0.758,0.77,-1.200000000000001
2022-06-08,0.761,0.7799999999999999,-1.8999999999999906
2022-06-07,0.766,0.7799999999999999,-1.3999999999999901
2022-06-06,0.783,0.7799999999999999,0.30000000000001137
2022-06-03,0.777,0.79,-1.3000000000000012
2022-06-02,0.795,0.79,0.5000000000000004
2022-06-01,0.803,0.8,0.30000000000000027
2022-05-31,0.804,0.8,0.40000000000000036
2022-05-27,0.785,0.79,-0.5000000000000004
2022-05-26,0.789,0.79,-0.10000000000000009
2022-05-25,0.782,0.79,-0.8000000000000007
2022-05-24,0.782,0.79,-0.8000000000000007
2022-05-23,0.782,0.79,-0.8000000000000007
2022-05-20,0.779,0.79,-1.100000000000001
2022-05-19,0.784,0.79,-0.6000000000000005
2022-05-18,0.789,0.8,-1.100000000000001
2022-05-17,0.8,0.8,0.0
2022-05-16,0.81,0.8,1.0000000000000009
2022-05-13,0.801,0.8,0.10000000000000009
2022-05-12,0.797,0.8,-0.30000000000000027
2022-05-11,0.789,0.8,-1.100000000000001
2022-05-10,0.775,0.8,-2.500000000000002
2022-05-09,0.778,0.8,-2.200000000000002
2022-05-06,0.779,0.8,-2.100000000000002
2022-05-05,0.766,0.8,-3.400000000000003
2022-05-04,0.295,0.3,-0.5000000000000004
2022-05-03,0.3,0.3,0.0
2022-05-02,0.295,0.3,-0.5000000000000004
2022-04-29,0.239,0.3,-6.1
2022-04-28,0.266,0.3,-3.3999999999999977
2022-04-27,0.281,0.3,-1.8999999999999961
2022-04-26,0.257,0.3,-4.299999999999998
2022-04-25,0.243,0.3,-5.699999999999999
2022-04-22,0.26,0.3,-3.9999999999999982
2022-04-21,0.254,0.3,-4.599999999999999
2022-04-20,0.241,0.3,-5.8999999999999995
2022-04-19,0.27,0.3,-2.9999999999999973
2022-04-18,0.291,0.3,-0.9000000000000008
2022-04-14,0.29,0.3,-1.0000000000000009
2022-04-13,0.294,0.3,-0.6000000000000005
2022-04-12,0.277,0.3,-2.2999999999999963
2022-04-11,0.288,0.3,-1.200000000000001
2022-04-08,0.293,0.3,-0.7000000000000006
2022-04-07,0.295,0.3,-0.5000000000000004
2022-04-06,0.293,0.3,-0.7000000000000006
2022-04-05,0.303,0.3,0.30000000000000027
2022-04-04,0.298,0.3,-0.20000000000000018
2022-04-01,0.307,0.3,0.7000000000000006
2022-03-31,0.272,0.3,-2.799999999999997
2022-03-30,0.264,0.3,-3.599999999999998
2022-03-29,0.283,0.3,-1.7000000000000015
2022-03-28,0.295,0.3,-0.5000000000000004
2022-03-25,0.274,0.3,-2.599999999999997
2022-03-24,0.267,0.3,-3.299999999999997
2022-03-23,0.249,0.3,-5.099999999999999
2022-03-22,0.266,0.3,-3.3999999999999977
2022-03-21,0.288,0.3,-1.200000000000001
2022-03-18,0.274,0.3,-2.599999999999997
2022-03-17,0.267,0.3,-3.299999999999997
2022-03-16,0.04,0.05,-1.0000000000000002
2022-03-15,0.04,0.05,-1.0000000000000002
2022-03-14,0.03,0.05,-2.0000000000000004
2022-03-11,0.037,0.05,-1.3000000000000005
2022-03-10,0.036,0.05,-1.4000000000000006
2022-03-09,0.051,0.05,0.0999999999999994
2022-03-08,0.057,0.05,0.7
2022-03-07,0.055,0.05,0.4999999999999998
2022-03-04,0.06,0.05,0.9999999999999996
2022-03-03,0.062,0.05,1.1999999999999997
2022-03-02,0.055,0.05,0.4999999999999998
2022-03-01,0.054,0.05,0.3999999999999997
2022-02-28,0.063,0.05,1.2999999999999998
2022-02-25,0.057,0.05,0.7
2022-02-24,0.05,0.05,0.0
2022-02-23,0.046,0.05,-0.40000000000000036
2022-02-22,0.049,0.05,-0.10000000000000009
2022-02-18,0.052,0.05,0.19999999999999948
2022-02-17,0.055,0.05,0.4999999999999998
2022-02-16,0.054,0.05,0.3999999999999997
2022-02-15,0.052,0.05,0.19999999999999948
2022-02-14,0.043,0.05,-0.7000000000000006
2022-02-11,0.052,0.05,0.19999999999999948
2022-02-10,0.047,0.05,-0.30000000000000027
2022-02-09,0.041,0.05,-0.9000000000000001
2022-02-08,0.026,0.05,-2.4000000000000004
2022-02-07,0.031,0.05,-1.9000000000000004
2022-02-04,0.051,0.05,0.0999999999999994
2022-02-03,0.047,0.05,-0.30000000000000027
2022-02-02,0.044,0.05,-0.6000000000000005
2022-02-01,0.041,0.05,-0.9000000000000001
2022-01-31,0.04,0.05,-1.0000000000000002
2022-01-28,0.041,0.05,-0.9000000000000001
2022-01-27,0.038,0.05,-1.2000000000000004
2022-01-26,0.04,0.05,-1.0000000000000002
2022-01-25,0.036,0.05,-1.4000000000000006
2022-01-24,0.029,0.05,-2.1
2022-01-21,0.027,0.05,-2.3000000000000003
2022-01-20,0.027,0.05,-2.3000000000000003
2022-01-19,0.034,0.05,-1.6
2022-01-18,0.042,0.05,-0.8
2022-01-14,0.023,0.05,-2.7
2022-01-13,0.025,0.05,-2.5
2022-01-12,0.038,0.05,-1.2000000000000004
2022-01-11,0.047,0.05,-0.30000000000000027
2022-01-10,0.04,0.05,-1.0000000000000002
2022-01-07,0.046,0.05,-0.40000000000000036
2022-01-06,0.061,0.05,1.0999999999999996
2022-01-05,0.066,0.05,1.6
2022-01-04,0.066,0.05,1.6
2022-01-03,0.06,0.05,0.9999999999999996
2021-12-31,0.045,0.05,-0.5000000000000004
2021-12-30,0.036,0.05,-1.4000000000000006
2021-12-29,0.04,0.05,-1.0000000000000002
2021-12-28,0.04,0.05,-1.0000000000000002
2021-12-27,0.042,0.05,-0.8
2021-12-23,0.048,0.05,-0.20000000000000018
2021-12-22,0.043,0.05,-0.7000000000000006
2021-12-21,0.024,0.05,-2.6
2021-12-20,0.03,0.05,-2.0000000000000004
2021-12-17,0.033,0.05,-1.7000000000000002
2021-12-16,0.035,0.05,-1.5
2021-12-15,0.034,0.05,-1.6
2021-12-14,0.033,0.05,-1.7000000000000002
2021-12-13,0.034,0.05,-1.6
2021-12-10,0.045,0.05,-0.5000000000000004
2021-12-09,0.055,0.05,0.4999999999999998
2021-12-08,0.06,0.05,0.9999999999999996
2021-12-07,0.061,0.05,1.0999999999999996
2021-12-06,0.061,0.05,1.0999999999999996
2021-12-03,0.065,0.05,1.5
2021-12-02,0.065,0.05,1.5
2021-12-01,0.061,0.05,1.0999999999999996
2021-11-30,0.067,0.05,1.7000000000000002
2021-11-29,0.057,0.05,0.7
2021-11-26,0.051,0.05,0.0999999999999994
2021-11-24,0.052,0.05,0.19999999999999948
2021-11-23,0.053,0.05,0.2999999999999996
2021-11-22,0.05,0.05,0.0
2021-11-19,0.047,0.05,-0.30000000000000027
2021-11-18,0.047,0.05,-0.30000000000000027
2021-11-17,0.047,0.05,-0.30000000000000027
2021-11-16,0.056,0.05,0.5999999999999999
2021-11-15,0.062,0.05,1.1999999999999997
2021-11-12,0.054,0.05,0.3999999999999997
2021-11-10,0.053,0.05,0.2999999999999996
2021-11-09,0.057,0.05,0.7
2021-11-08,0.059,0.05,0.8999999999999995
2021-11-05,0.06,0.05,0.9999999999999996
2021-11-04,0.056,0.05,0.5999999999999999
2021-11-03,0.055,0.05,0.4999999999999998
2021-11-02,0.059,0.05,0.8999999999999995
2021-11-01,0.059,0.05,0.8999999999999995
2021-10-29,0.03,0.05,-2.0000000000000004
2021-10-28,0.057,0.05,0.7
2021-10-27,0.052,0.05,0.19999999999999948
2021-10-26,0.049,0.05,-0.10000000000000009
2021-10-25,0.04,0.05,-1.0000000000000002
2021-10-22,0.044,0.05,-0.6000000000000005
2021-10-21,0.015,0.05,-3.5000000000000004
2021-10-20,0.017,0.05,-3.3000000000000003
2021-10-19,0.019,0.05,-3.1000000000000005
2021-10-18,0.02,0.05,-3.0000000000000004
2021-10-15,0.034,0.05,-1.6
2021-10-14,0.026,0.05,-2.4000000000000004
2021-10-13,0.039,0.05,-1.1000000000000003
2021-10-12,0.042,0.05,-0.8
2021-10-08,0.042,0.05,-0.8
2021-10-07,0.043,0.05,-0.7000000000000006
2021-10-06,0.041,0.05,-0.9000000000000001
2021-10-05,0.045,0.05,-0.5000000000000004
2021-10-04,0.05,0.05,0.0
2021-10-01,0.05,0.05,0.0
2021-09-30,0.041,0.05,-0.9000000000000001
2021-09-29,0.039,0.05,-1.1000000000000003
2021-09-28,0.05,0.05,0.0
2021-09-27,0.056,0.05,0.5999999999999999
2021-09-24,0.052,0.05,0.19999999999999948
2021-09-23,0.039,0.05,-1.1000000000000003
2021-09-22,0.034,0.05,-1.6
2021-09-21,0.034,0.05,-1.6
2021-09-20,0.039,0.05,-1.1000000000000003
2021-09-17,0.04,0.05,-1.0000000000000002
2021-09-16,0.055,0.05,0.4999999999999998
2021-09-15,0.061,0.05,1.0999999999999996
2021-09-14,0.053,0.05,0.2999999999999996
2021-09-13,0.056,0.05,0.5999999999999999
2021-09-10,0.057,0.05,0.7
2021-09-09,0.059,0.05,0.8999999999999995
2021-09-08,0.057,0.05,0.7
2021-09-07,0.06,0.05,0.9999999999999996
2021-09-03,0.059,0.05,0.8999999999999995
2021-09-02,0.06,0.05,0.9999999999999996
2021-09-01,0.061,0.05,1.0999999999999996
2021-08-31,0.061,0.05,1.0999999999999996
2021-08-30,0.053,0.05,0.2999999999999996
2021-08-27,0.056,0.05,0.5999999999999999
2021-08-26,0.06,0.05,0.9999999999999996
2021-08-25,0.058,0.05,0.8
2021-08-24,0.056,0.05,0.5999999999999999
2021-08-23,0.022,0.05,-2.8000000000000003
2021-08-20,0.021,0.05,-2.9000000000000004
2021-08-19,0.022,0.05,-2.8000000000000003
2021-08-18,0.037,0.05,-1.3000000000000005
2021-08-17,0.055,0.05,0.4999999999999998
2021-08-16,0.061,0.05,1.0999999999999996
2021-08-13,0.051,0.05,0.0999999999999994
2021-08-12,0.044,0.05,-0.6000000000000005
2021-08-11,0.046,0.05,-0.40000000000000036
2021-08-10,0.056,0.05,0.5999999999999999
2021-08-09,0.056,0.05,0.5999999999999999
2021-08-06,0.061,0.05,1.0999999999999996
2021-08-05,0.063,0.05,1.2999999999999998
2021-08-04,0.064,0.05,1.4
2021-08-03,0.068,0.05,1.8000000000000003
2021-08-02,0.073,0.05,2.2999999999999994
2021-07-30,0.047,0.05,-0.30000000000000027
2021-07-29,0.05,0.05,0.0
2021-07-28,0.05,0.05,0.0
2021-07-27,0.054,0.05,0.3999999999999997
2021-07-26,0.054,0.05,0.3999999999999997
2021-07-23,0.055,0.05,0.4999999999999998
2021-07-22,0.039,0.05,-1.1000000000000003
2021-07-21,0.038,0.05,-1.2000000000000004
2021-07-20,0.04,0.05,-1.0000000000000002
2021-07-19,0.037,0.05,-1.3000000000000005
2021-07-16,0.043,0.05,-0.7000000000000006
2021-07-15,0.055,0.05,0.4999999999999998
2021-07-14,0.044,0.05,-0.6000000000000005
2021-07-13,0.051,0.05,0.0999999999999994
2021-07-12,0.048,0.05,-0.20000000000000018
2021-07-09,0.051,0.05,0.0999999999999994
2021-07-08,0.06,0.05,0.9999999999999996
2021-07-07,0.068,0.05,1.8000000000000003
2021-07-06,0.068,0.05,1.8000000000000003
2021-07-02,0.066,0.05,1.6
2021-07-01,0.062,0.05,1.1999999999999997
2021-06-30,0.05,0.05,0.0
2021-06-29,0.031,0.05,-1.9000000000000004
2021-06-28,0.042,0.05,-0.8
2021-06-25,0.057,0.05,0.7
2021-06-24,0.049,0.05,-0.10000000000000009
2021-06-23,0.038,0.05,-1.2000000000000004
2021-06-22,0.039,0.05,-1.1000000000000003
2021-06-21,0.039,0.05,-1.1000000000000003
2021-06-18,0.043,0.05,-0.7000000000000006
2021-06-17,0.043,0.05,-0.7000000000000006
2021-06-16,0.01,0.01,0.0
2021-06-15,0.009,0.01,-0.10000000000000009
2021-06-14,0.004,0.01,-0.6
2021-06-11,0.009,0.01,-0.10000000000000009
2021-06-10,0.009,0.01,-0.10000000000000009
2021-06-09,0.01,0.01,0.0
2021-06-08,0.01,0.01,0.0
2021-06-07,0.009,0.01,-0.10000000000000009
2021-06-04,0.013,0.01,0.29999999999999993
2021-06-03,0.014,0.01,0.4
2021-06-02,0.018,0.01,0.7999999999999998
2021-06-01,0.02,0.01,1.0
2021-05-28,0.003,0.01,-0.7000000000000001
2021-05-27,-0.001,0.01,-1.0999999999999999
2021-05-26,-0.001,0.01,-1.0999999999999999
2021-05-25,0.0,0.01,-1.0
2021-05-24,-0.001,0.01,-1.0999999999999999
2021-05-21,-0.006,0.01,-1.6
2021-05-20,0.001,0.01,-0.9000000000000001
2021-05-19,0.004,0.01,-0.6
2021-05-18,0.002,0.01,-0.8
2021-05-17,0.006,0.01,-0.4
2021-05-14,0.002,0.01,-0.8
2021-05-13,0.001,0.01,-0.9000000000000001
2021-05-12,0.008,0.01,-0.2
2021-05-11,0.011,0.01,0.09999999999999992
2021-05-10,0.011,0.01,0.09999999999999992
2021-05-07,0.01,0.01,0.0
2021-05-06,0.012,0.01,0.2
2021-05-05,0.01,0.01,0.0
2021-05-04,0.009,0.01,-0.10000000000000009
2021-05-03,0.013,0.01,0.29999999999999993
2021-04-30,0.017,0.01,0.7000000000000001
2021-04-29,0.0,0.01,-1.0
2021-04-28,0.0,0.01,-1.0
2021-04-27,0.002,0.01,-0.8
2021-04-26,0.009,0.01,-0.10000000000000009
2021-04-23,0.015,0.01,0.49999999999999994
2021-04-22,0.009,0.01,-0.10000000000000009
2021-04-21,0.003,0.01,-0.7000000000000001
2021-04-20,0.005,0.01,-0.5
2021-04-19,0.008,0.01,-0.2
2021-04-16,0.008,0.01,-0.2
2021-04-15,0.015,0.01,0.49999999999999994
2021-04-14,0.0,0.01,-1.0
2021-04-13,0.006,0.01,-0.4
2021-04-12,0.003,0.01,-0.7000000000000001
2021-04-09,0.004,0.01,-0.6
2021-04-08,0.013,0.01,0.29999999999999993
2021-04-07,0.023,0.01,1.3
2021-04-06,0.028,0.01,1.8000000000000003
2021-04-05,0.04,0.01,3.0
2021-04-01,0.036,0.01,2.5999999999999996
2021-03-31,0.01,0.01,0.0
2021-03-30,0.001,0.01,-0.9000000000000001
2021-03-29,0.027,0.01,1.7000000000000002
2021-03-26,0.036,0.01,2.5999999999999996
2021-03-25,0.04,0.01,3.0
2021-03-24,0.016,0.01,0.6
2021-03-23,0.006,0.01,-0.4
2021-03-22,0.005,0.01,-0.5
2021-03-19,0.005,0.01,-0.5
2021-03-18,-0.008,0.01,-1.8000000000000003
2021-03-17,0.01,0.01,0.0
2021-03-16,0.012,0.01,0.2
2021-03-15,0.023,0.01,1.3
2021-03-12,0.012,0.01,0.2
2021-03-11,0.019,0.01,0.8999999999999999
2021-03-10,0.048,0.01,3.8
2021-03-09,0.042,0.01,3.2
2021-03-08,0.035,0.01,2.5
2021-03-05,0.035,0.01,2.5
2021-03-04,0.038,0.01,2.8
2021-03-03,0.058,0.03,2.8000000000000003
2021-03-02,0.075,0.02,5.499999999999999
2021-03-01,0.058,0.01,4.8
2021-02-26,0.009,0.01,-0.10000000000000009
2021-02-25,0.038,0.02,1.7999999999999998
2021-02-24,0.05,0.01,4.0
2021-02-23,0.023,0.01,1.3
2021-02-22,0.046,0.02,2.6
2021-02-19,0.042,0.01,3.2
2021-02-18,0.054,0.02,3.4000000000000004
2021-02-17,0.08,0.05,3.0
2021-02-16,0.093,0.04,5.3
2021-02-12,0.067,0.03,3.7000000000000006
2021-02-11,0.081,0.04,4.1000000000000005
2021-02-10,0.102,0.05,5.199999999999999
2021-02-09,0.097,0.03,6.7
2021-02-08,0.062,0.01,5.2
2021-02-05,0.037,0.01,2.6999999999999997
2021-02-04,0.062,0.03,3.2
2021-02-03,0.088,0.06,2.8
2021-02-02,0.096,0.05,4.6
2021-02-01,0.1,0.05,5.0
2021-01-29,0.072,0.04,3.1999999999999993
2021-01-28,0.074,0.03,4.3999999999999995
2021-01-27,0.054,0.02,3.4000000000000004
2021-01-26,0.042,0.02,2.2
2021-01-25,0.075,0.05,2.4999999999999996
2021-01-22,0.076,0.04,3.5999999999999996
2021-01-21,0.044,0.02,2.4
2021-01-20,0.063,0.04,2.3
2021-01-19,0.089,0.05,3.8999999999999995
2021-01-15,0.09,0.05,3.9999999999999996
2021-01-14,0.088,0.05,3.7999999999999994
2021-01-13,0.1,0.05,5.0
2021-01-12,0.098,0.06,3.8000000000000007
2021-01-11,0.096,0.0699999999999999,2.6000000000000107
2021-01-08,0.114,0.0699999999999999,4.400000000000011
2021-01-07,0.12,0.08,3.9999999999999996
2021-01-06,0.124,0.08,4.3999999999999995
2021-01-05,0.125,0.08,4.5
2021-01-04,0.121,0.06,6.1
2020-12-31,0.08,0.06,2.0000000000000004
2020-12-30,0.096,0.08,1.6
2020-12-29,0.119,0.08,3.8999999999999995
2020-12-28,0.122,0.0699999999999999,5.20000000000001
2020-12-24,0.107,0.06,4.7
2020-12-23,0.07,0.05,2.0000000000000004
2020-12-22,0.074,0.06,1.4
2020-12-21,0.098,0.0699999999999999,2.800000000000011
2020-12-18,0.11,0.0699999999999999,4.000000000000011
2020-12-17,0.111,0.0699999999999999,4.10000000000001
2020-12-16,0.099,0.0699999999999999,2.900000000000011
2020-12-15,0.111,0.0699999999999999,4.10000000000001
2020-12-14,0.082,0.06,2.2000000000000006
2020-12-11,0.102,0.06,4.199999999999999
2020-12-10,0.102,0.06,4.199999999999999
2020-12-09,0.091,0.06,3.1
2020-12-08,0.091,0.06,3.1
2020-12-07,0.1,0.0699999999999999,3.000000000000011
2020-12-04,0.117,0.0699999999999999,4.700000000000011
2020-12-03,0.109,0.06,4.9
2020-12-02,0.098,0.06,3.8000000000000007
2020-12-01,0.1,0.06,4.000000000000001
2020-11-30,0.11,0.08,3.0
2020-11-27,0.11,0.06,5.0
2020-11-25,0.107,0.06,4.7
2020-11-24,0.11,0.05,6.0
2020-11-23,0.067,0.04,2.7
2020-11-20,0.068,0.04,2.8000000000000003
2020-11-19,0.073,0.04,3.2999999999999994
2020-11-18,0.083,0.05,3.3000000000000003
2020-11-17,0.111,0.0699999999999999,4.10000000000001
2020-11-16,0.127,0.08,4.7
2020-11-13,0.112,0.0699999999999999,4.200000000000011
2020-11-12,0.113,0.0699999999999999,4.3000000000000105
2020-11-10,0.123,0.0699999999999999,5.3000000000000105
2020-11-09,0.115,0.08,3.5000000000000004
2020-11-06,0.124,0.08,4.3999999999999995
2020-11-05,0.132,0.08,5.2
2020-11-04,0.127,0.08,4.7
2020-11-03,0.13,0.0699999999999999,6.000000000000011
2020-11-02,0.126,0.0699999999999999,5.60000000000001
2020-10-30,0.115,0.0699999999999999,4.500000000000011
2020-10-29,0.118,0.06,5.8
2020-10-28,0.102,0.06,4.199999999999999
2020-10-27,0.114,0.06,5.4
2020-10-26,0.123,0.06,6.3
2020-10-23,0.121,0.06,6.1
2020-10-22,0.101,0.05,5.1000000000000005
2020-10-21,0.095,0.05,4.5
2020-10-20,0.114,0.06,5.4
2020-10-19,0.116,0.06,5.6000000000000005
2020-10-16,0.116,0.06,5.6000000000000005
2020-10-15,0.131,0.0699999999999999,6.100000000000011
2020-10-14,0.113,0.06,5.300000000000001
2020-10-13,0.127,0.06,6.7
2020-10-09,0.118,0.06,5.8
2020-10-08,0.121,0.06,6.1
2020-10-07,0.095,0.0699999999999999,2.5000000000000107
2020-10-06,0.124,0.0699999999999999,5.40000000000001
2020-10-05,0.121,0.0699999999999999,5.10000000000001
2020-10-02,0.13,0.06,7.000000000000001
2020-10-01,0.117,0.05,6.7
2020-09-30,0.116,0.06,5.6000000000000005
2020-09-29,0.103,0.05,5.299999999999999
2020-09-28,0.102,0.06,4.199999999999999
2020-09-25,0.116,0.06,5.6000000000000005
2020-09-24,0.109,0.04,6.9
2020-09-23,0.072,0.04,3.1999999999999993
2020-09-22,0.077,0.05,2.6999999999999997
2020-09-21,0.08,0.06,2.0000000000000004
2020-09-18,0.093,0.0699999999999999,2.3000000000000105
2020-09-17,0.127,0.0699999999999999,5.700000000000011
2020-09-16,0.122,0.0699999999999999,5.20000000000001
2020-09-15,0.129,0.0699999999999999,5.900000000000011
2020-09-14,0.112,0.0699999999999999,4.200000000000011
2020-09-11,0.128,0.0699999999999999,5.8000000000000105
2020-09-10,0.129,0.0699999999999999,5.900000000000011
2020-09-09,0.125,0.0699999999999999,5.500000000000011
2020-09-08,0.129,0.0699999999999999,5.900000000000011
2020-09-04,0.13,0.0699999999999999,6.000000000000011
2020-09-03,0.132,0.06,7.200000000000001
2020-09-02,0.128,0.06,6.800000000000001
2020-09-01,0.132,0.06,7.200000000000001
2020-08-31,0.123,0.0699999999999999,5.3000000000000105
2020-08-28,0.101,0.05,5.1000000000000005
2020-08-27,0.098,0.05,4.8
2020-08-26,0.095,0.05,4.5
2020-08-25,0.107,0.06,4.7
2020-08-24,0.105,0.06,4.5
2020-08-21,0.112,0.05,6.2
2020-08-20,0.112,0.05,6.2
2020-08-19,0.09,0.0699999999999999,2.00000000000001
2020-08-18,0.118,0.0699999999999999,4.80000000000001
2020-08-17,0.13,0.0699999999999999,6.000000000000011
2020-08-14,0.127,0.0699999999999999,5.700000000000011
2020-08-13,0.128,0.0699999999999999,5.8000000000000105
2020-08-12,0.129,0.0699999999999999,5.900000000000011
2020-08-11,0.131,0.0699999999999999,6.100000000000011
2020-08-10,0.128,0.0699999999999999,5.8000000000000105
2020-08-07,0.123,0.0699999999999999,5.3000000000000105
2020-08-06,0.129,0.0699999999999999,5.900000000000011
2020-08-05,0.127,0.0699999999999999,5.700000000000011
2020-08-04,0.124,0.0699999999999999,5.40000000000001
2020-08-03,0.129,0.0699999999999999,5.900000000000011
2020-07-31,0.134,0.08,5.4
2020-07-30,0.113,0.0699999999999999,4.3000000000000105
2020-07-29,0.115,0.0699999999999999,4.500000000000011
2020-07-28,0.122,0.08,4.199999999999999
2020-07-27,0.135,0.08,5.500000000000001
2020-07-24,0.133,0.0699999999999999,6.300000000000011
2020-07-23,0.125,0.08,4.5
2020-07-22,0.115,0.08,3.5000000000000004
2020-07-21,0.13,0.08,5.0
2020-07-20,0.136,0.09,4.600000000000001
2020-07-17,0.143,0.09,5.299999999999999
2020-07-16,0.139,0.08,5.900000000000001
2020-07-15,0.151,0.11,4.1
2020-07-14,0.141,0.09,5.099999999999999
2020-07-13,0.139,0.08,5.900000000000001
2020-07-10,0.144,0.08,6.399999999999999
2020-07-09,0.138,0.08,5.800000000000001
2020-07-08,0.132,0.08,5.2
2020-07-07,0.136,0.08,5.6000000000000005
2020-07-06,0.142,0.08,6.199999999999998
2020-07-02,0.149,0.0699999999999999,7.90000000000001
2020-07-01,0.134,0.0699999999999999,6.400000000000011
2020-06-30,0.129,0.0699999999999999,5.900000000000011
2020-06-29,0.123,0.06,6.3
2020-06-26,0.126,0.06,6.6000000000000005
2020-06-25,0.125,0.06,6.5
2020-06-24,0.121,0.06,6.1
2020-06-23,0.11,0.05,6.0
2020-06-22,0.117,0.06,5.700000000000001
2020-06-19,0.123,0.06,6.3
2020-06-18,0.122,0.0699999999999999,5.20000000000001
2020-06-17,0.12,0.0699999999999999,5.00000000000001
2020-06-16,0.134,0.0699999999999999,6.400000000000011
2020-06-15,0.13,0.0699999999999999,6.000000000000011
2020-06-12,0.125,0.06,6.5
2020-06-11,0.112,0.06,5.2
2020-06-10,0.121,0.06,6.1
2020-06-09,0.125,0.06,6.5
2020-06-08,0.124,0.06,6.4
2020-06-05,0.119,0.06,5.8999999999999995
2020-06-04,0.114,0.06,5.4
2020-06-03,0.115,0.05,6.5
2020-06-02,0.125,0.05,7.5
2020-06-01,0.118,0.05,6.799999999999999
2020-05-29,0.096,0.05,4.6
2020-05-28,0.126,0.05,7.6
2020-05-27,0.102,0.04,6.199999999999999
2020-05-26,0.115,0.05,6.5
2020-05-22,0.104,0.03,7.3999999999999995
2020-05-21,0.064,0.01,5.4
2020-05-20,0.025,0.01,1.5000000000000002
2020-05-19,0.084,0.03,5.4
2020-05-18,0.079,0.03,4.9
2020-05-15,0.105,0.04,6.5
2020-05-14,0.086,0.01,7.6
2020-05-13,0.057,0.04,1.7000000000000002
2020-05-12,0.117,0.05,6.7
2020-05-11,0.118,0.05,6.799999999999999
2020-05-08,0.12,0.05,6.999999999999999
2020-05-07,0.119,0.05,6.8999999999999995
2020-05-06,0.109,0.04,6.9
2020-05-05,0.104,0.04,6.4
2020-05-04,0.098,0.04,5.800000000000001
2020-05-01,0.111,0.02,9.1
2020-04-30,0.106,0.02,8.6
2020-04-29,0.075,0.01,6.5
2020-04-28,0.06,0.01,5.0
2020-04-27,0.084,0.02,6.4
2020-04-24,0.097,0.03,6.7
2020-04-23,0.091,0.01,8.1
2020-04-22,0.05,0.01,4.0
2020-04-21,0.04,0.01,3.0
2020-04-20,0.06,0.01,5.0
2020-04-17,0.088,0.02,6.799999999999999
2020-04-16,0.111,0.02,9.1
2020-04-15,0.078,0.03,4.8
2020-04-14,0.095,0.05,4.5
2020-04-13,0.112,0.02,9.2
2020-04-09,0.106,0.01,9.6
2020-04-08,0.095,0.01,8.5
2020-04-07,0.08,0.01,7.000000000000001
2020-04-06,0.068,0.01,5.800000000000001
2020-04-03,0.06,0.01,5.0
2020-04-02,0.089,0.01,7.9
2020-04-01,0.052,0.01,4.199999999999999
2020-03-31,0.002,0.01,-0.8
2020-03-30,0.048,0.01,3.8
2020-03-27,0.05,0.01,4.0
2020-03-26,0.089,0.01,7.9
2020-03-25,0.094,0.01,8.4
2020-03-24,0.061,0.01,5.1
2020-03-23,0.068,0.01,5.800000000000001
2020-03-20,0.074,0.03,4.3999999999999995
2020-03-19,0.103,0.05,5.299999999999999
2020-03-18,0.154,0.1,5.3999999999999995
2020-03-17,0.638,0.5,13.8
2020-03-16,0.859,0.2299999999999999,62.90000000000001
2020-03-13,1.158,1.08,7.799999999999985
2020-03-12,1.194,1.2,-0.6000000000000005
2020-03-11,1.191,1.13999999999999,5.100000000001015
2020-03-10,1.181,1.1,8.099999999999996
2020-03-09,1.163,1.08,8.299999999999997
2020-03-06,1.146,1.08,6.599999999999984
2020-03-05,1.168,1.11,5.799999999999983
2020-03-04,1.245,1.21999999999999,2.5000000000010125
2020-03-03,1.72,1.63,9.000000000000007
2020-03-02,1.695,1.5699999999999998,12.500000000000021
2020-02-28,1.647,1.59,5.699999999999994
2020-02-27,1.626,1.5699999999999998,5.600000000000005
2020-02-26,1.626,1.5699999999999998,5.600000000000005
2020-02-25,1.634,1.5699999999999998,6.400000000000006
2020-02-24,1.614,1.5599999999999998,5.400000000000027
2020-02-21,1.609,1.5599999999999998,4.9000000000000155
2020-02-20,1.627,1.59,3.699999999999992
2020-02-19,1.631,1.5699999999999998,6.1000000000000165
2020-02-18,1.646,1.58,6.599999999999984
2020-02-14,1.627,1.5599999999999998,6.700000000000017
2020-02-13,1.623,1.55,7.299999999999995
2020-02-12,1.615,1.55,6.499999999999995
2020-02-11,1.622,1.5599999999999998,6.200000000000028
2020-02-10,1.594,1.5599999999999998,3.4000000000000252
2020-02-07,1.607,1.5599999999999998,4.700000000000015
2020-02-06,1.622,1.5699999999999998,5.200000000000027
2020-02-05,1.624,1.5699999999999998,5.400000000000027
2020-02-04,1.637,1.58,5.699999999999994
2020-02-03,1.644,1.5699999999999998,7.400000000000007
2020-01-31,1.652,1.5699999999999998,8.200000000000006
2020-01-30,1.626,1.55,7.5999999999999845
2020-01-29,1.572,1.51,6.2000000000000055
2020-01-28,1.569,1.51,5.899999999999994
2020-01-27,1.571,1.51,6.099999999999994
2020-01-24,1.565,1.51,5.499999999999994
2020-01-23,1.57,1.51,6.000000000000005
2020-01-22,1.57,1.51,6.000000000000005
2020-01-21,1.569,1.51,5.899999999999994
2020-01-17,1.575,1.52,5.499999999999994
2020-01-16,1.578,1.52,5.800000000000005
2020-01-15,1.584,1.53,5.400000000000005
2020-01-14,1.575,1.52,5.499999999999994
2020-01-13,1.578,1.52,5.800000000000005
2020-01-10,1.577,1.52,5.699999999999994
2020-01-09,1.59,1.52,7.000000000000006
2020-01-08,1.584,1.52,6.400000000000006
2020-01-07,1.594,1.53,6.400000000000006
2020-01-06,1.593,1.52,7.299999999999995
2020-01-03,1.593,1.52,7.299999999999995
2020-01-02,1.603,1.5,10.299999999999997
2019-12-31,1.624,1.55,7.400000000000007
2019-12-30,1.572,1.51,6.2000000000000055
2019-12-27,1.579,1.5,7.899999999999996
2019-12-26,1.573,1.49,8.299999999999997
2019-12-24,1.549,1.5,4.899999999999993
2019-12-23,1.563,1.5,6.2999999999999945
2019-12-20,1.559,1.49,6.899999999999995
2019-12-19,1.568,1.5,6.800000000000006
2019-12-18,1.579,1.5,7.899999999999996
2019-12-17,1.592,1.5,9.200000000000008
2019-12-16,1.643,1.6,4.299999999999993
2019-12-13,1.612,1.5,11.20000000000001
2019-12-12,1.568,1.49,7.800000000000007
2019-12-11,1.576,1.5,7.600000000000007
2019-12-10,1.589,1.51,7.899999999999996
2019-12-09,1.589,1.53,5.899999999999994
2019-12-06,1.588,1.52,6.800000000000006
2019-12-05,1.6,1.52,8.000000000000007
2019-12-04,1.598,1.5,9.800000000000008
2019-12-03,1.59,1.51,8.000000000000007
2019-12-02,1.64,1.6,3.9999999999999813
2019-11-29,1.656,1.62,3.599999999999981
2019-11-27,1.596,1.5,9.600000000000009
2019-11-26,1.588,1.51,7.800000000000007
2019-11-25,1.594,1.54,5.400000000000005
2019-11-22,1.614,1.5599999999999998,5.400000000000027
2019-11-21,1.626,1.55,7.5999999999999845
2019-11-20,1.62,1.54,8.000000000000007
2019-11-19,1.639,1.53,10.899999999999999
2019-11-18,1.608,1.52,8.800000000000008
2019-11-15,1.624,1.55,7.400000000000007
2019-11-14,1.612,1.55,6.2000000000000055
2019-11-13,1.596,1.54,5.600000000000005
2019-11-12,1.632,1.54,9.199999999999985
2019-11-08,1.603,1.53,7.299999999999995
2019-11-07,1.607,1.53,7.699999999999996
2019-11-06,1.601,1.53,7.099999999999995
2019-11-05,1.619,1.55,6.899999999999995
2019-11-04,1.62,1.54,8.000000000000007
2019-11-01,1.634,1.55,8.399999999999984
2019-10-31,1.807,1.73,7.699999999999996
2019-10-30,1.873,1.7999999999999998,7.300000000000018
2019-10-29,1.873,1.78,9.299999999999997
2019-10-28,1.857,1.7999999999999998,5.700000000000016
2019-10-25,1.88,1.81,6.999999999999984
2019-10-24,1.91,1.85,5.999999999999983
2019-10-23,1.902,1.84,6.199999999999983
2019-10-22,1.914,1.85,6.3999999999999835
2019-10-21,1.908,1.83,7.799999999999985
2019-10-18,1.916,1.85,6.599999999999984
2019-10-17,1.974,1.92999999999999,4.400000000001003
2019-10-16,2.069,2.02,4.899999999999993
2019-10-15,2.17,1.96,20.999999999999996
2019-10-11,1.888,1.82,6.799999999999984
2019-10-10,1.887,1.82,6.699999999999995
2019-10-09,1.899,1.82,7.899999999999996
2019-10-08,1.898,1.82,7.799999999999985
2019-10-07,1.884,1.7999999999999998,8.400000000000007
2019-10-04,1.876,1.79,8.599999999999985
2019-10-03,1.871,1.81,6.099999999999994
2019-10-02,1.901,1.82,8.099999999999996
2019-10-01,1.96,1.84,11.99999999999999
2019-09-30,2.46,2.35,10.999999999999988
2019-09-27,1.874,1.7999999999999998,7.400000000000029
2019-09-26,1.869,1.82,4.899999999999993
2019-09-25,2.01,2.0,0.9999999999999787
2019-09-24,2.014,1.94,7.399999999999984
2019-09-23,2.0,1.82,17.999999999999993
2019-09-20,1.908,1.85,5.799999999999983
2019-09-19,1.975,1.91,6.500000000000017
2019-09-18,3.0,2.5,50.0
2019-09-17,6.007,5.25,75.69999999999996
2019-09-16,2.876,2.42,45.599999999999994
2019-09-13,2.288,2.19,9.799999999999986
2019-09-12,2.268,2.18,8.799999999999963
2019-09-11,2.24,2.1399999999999997,10.000000000000053
2019-09-10,2.229,2.13,9.90000000000002
2019-09-09,2.197,2.10999999999999,8.700000000000996
2019-09-06,2.204,2.15,5.400000000000027
2019-09-05,2.269,2.1999999999999997,6.900000000000039
2019-09-04,2.298,2.1999999999999997,9.800000000000031
2019-09-03,2.304,2.15,15.399999999999991
2019-08-30,2.23,2.15,8.000000000000007
2019-08-29,2.176,2.10999999999999,6.600000000001005
2019-08-28,2.178,2.10999999999999,6.800000000000983
2019-08-27,2.215,2.1399999999999997,7.500000000000018
2019-08-26,2.19,2.08,10.999999999999988
2019-08-23,2.164,2.07,9.40000000000003
2019-08-22,2.162,2.07,9.200000000000008
2019-08-21,2.167,2.08,8.699999999999974
2019-08-20,2.186,2.12,6.599999999999984
2019-08-19,2.179,2.1,7.899999999999974
2019-08-16,2.192,2.12,7.200000000000006
2019-08-15,2.252,2.17,8.199999999999985
2019-08-14,2.2,2.12,8.000000000000007
2019-08-13,2.22,2.16,6.000000000000005
2019-08-12,2.183,2.10999999999999,7.300000000000972
2019-08-09,2.189,2.1,8.899999999999997
2019-08-08,2.186,2.07,11.60000000000001
2019-08-07,2.163,2.09,7.299999999999995
2019-08-06,2.176,2.1,7.600000000000007
2019-08-05,2.184,2.12,6.400000000000006
2019-08-02,2.232,2.18,5.200000000000005
2019-08-01,2.253,2.19,6.300000000000017
2019-07-31,2.609,2.53,7.900000000000018
2019-07-30,2.441,2.37999999999999,6.100000000000971
2019-07-29,2.468,2.39,7.799999999999985
2019-07-26,2.466,2.4,6.600000000000028
2019-07-25,2.49,2.41,8.000000000000007
2019-07-24,2.481,2.4,8.099999999999996
2019-07-23,2.47,2.37999999999999,9.000000000001007
2019-07-22,2.473,2.37999999999999,9.300000000000974
2019-07-19,2.468,2.4,6.800000000000006
2019-07-18,2.511,2.43999999999999,7.100000000000994
2019-07-17,2.527,2.45,7.699999999999996
2019-07-16,2.562,2.43999999999999,12.200000000000966
2019-07-15,2.551,2.4299999999999997,12.100000000000044
2019-07-12,2.459,2.33999999999999,11.900000000000999
2019-07-11,2.451,2.4,5.100000000000016
2019-07-10,2.496,2.45,4.599999999999982
2019-07-09,2.532,2.45,8.199999999999985
2019-07-08,2.543,2.46,8.300000000000018
2019-07-05,2.642,2.58,6.199999999999983
2019-07-03,2.656,2.55,10.600000000000032
2019-07-02,2.609,2.49,11.899999999999977
2019-07-01,2.87,2.37999999999999,49.000000000000995
2019-06-28,2.588,2.5,8.800000000000008
2019-06-27,2.466,2.4,6.600000000000028
2019-06-26,2.464,2.4299999999999997,3.4000000000000252
2019-06-25,2.448,2.4,4.800000000000004
2019-06-24,2.467,2.37999999999999,8.700000000000996
2019-06-21,2.419,2.35,6.899999999999995
2019-06-20,2.441,2.33,11.099999999999977
2019-06-19,2.41,2.33999999999999,7.000000000001005
2019-06-18,2.435,2.36,7.500000000000018
2019-06-17,2.493,2.37999999999999,11.300000000000976
2019-06-14,2.408,2.32,8.800000000000008
2019-06-13,2.409,2.33999999999999,6.900000000000972
2019-06-12,2.422,2.36,6.200000000000028
2019-06-11,2.437,2.36,7.699999999999996
2019-06-10,2.444,2.37,7.399999999999984
2019-06-07,2.444,2.37,7.399999999999984
2019-06-06,2.462,2.37,9.200000000000008
2019-06-05,2.455,2.36,9.50000000000002
2019-06-04,2.45,2.36,9.00000000000003
2019-06-03,2.459,2.37,8.899999999999997
2019-05-31,2.552,2.48,7.200000000000006
2019-05-30,2.445,2.39,5.499999999999972
2019-05-29,2.46,2.39,6.999999999999984
2019-05-28,2.456,2.37999999999999,7.600000000000984
2019-05-24,2.425,2.33999999999999,8.500000000000973
2019-05-23,2.429,2.33999999999999,8.900000000000974
2019-05-22,2.413,2.33999999999999,7.300000000000972
2019-05-21,2.434,2.36,7.400000000000029
2019-05-20,2.433,2.36,7.299999999999995
2019-05-17,2.462,2.39,7.200000000000006
2019-05-16,2.487,2.4,8.700000000000019
2019-05-15,2.533,2.45,8.299999999999974
2019-05-14,2.456,2.36,9.600000000000009
2019-05-13,2.433,2.35,8.299999999999974
2019-05-10,2.445,2.37,7.499999999999973
2019-05-09,2.449,2.37999999999999,6.900000000000972
2019-05-08,2.473,2.4,7.299999999999995
2019-05-07,2.492,2.41,8.199999999999985
2019-05-06,2.464,2.4,6.400000000000006
2019-05-03,2.47,2.41,6.000000000000005
2019-05-02,2.534,2.46,7.399999999999984
2019-05-01,2.602,2.5,10.199999999999987
2019-04-30,2.807,2.75,5.699999999999994
2019-04-29,2.534,2.46,7.399999999999984
2019-04-26,2.519,2.45,6.899999999999995
2019-04-25,2.512,2.41,10.199999999999987
2019-04-24,2.49,2.41,8.000000000000007
2019-04-23,2.499,2.45,4.899999999999993
2019-04-22,2.547,2.4299999999999997,11.700000000000044
2019-04-18,2.568,2.46,10.80000000000001
2019-04-17,2.576,2.47,10.599999999999987
2019-04-16,2.587,2.4299999999999997,15.700000000000047
2019-04-15,2.547,2.4299999999999997,11.700000000000044
2019-04-12,2.498,2.4,9.800000000000031
2019-04-11,2.482,2.4,8.20000000000003
2019-04-10,2.49,2.42,7.000000000000028
2019-04-09,2.505,2.42,8.499999999999996
2019-04-08,2.516,2.4299999999999997,8.60000000000003
2019-04-05,2.518,2.4299999999999997,8.800000000000008
2019-04-04,2.535,2.4299999999999997,10.500000000000043
2019-04-03,2.512,2.4299999999999997,8.20000000000003
2019-04-02,2.543,2.4299999999999997,11.300000000000043
2019-04-01,2.545,2.41,13.499999999999979
2019-03-29,2.611,2.58,3.100000000000014
2019-03-28,2.478,2.42,5.800000000000027
2019-03-27,2.449,2.37999999999999,6.900000000000972
2019-03-26,2.485,2.37,11.499999999999977
2019-03-25,2.453,2.37,8.299999999999974
2019-03-22,2.456,2.37999999999999,7.600000000000984
2019-03-21,2.5,2.4299999999999997,7.000000000000028
2019-03-20,2.524,2.46,6.400000000000006
2019-03-19,2.531,2.4,13.100000000000023
2019-03-18,2.478,2.37999999999999,9.800000000001008
2019-03-15,2.521,2.4299999999999997,9.10000000000002
2019-03-14,2.479,2.39,8.899999999999997
2019-03-13,2.458,2.37999999999999,7.800000000001006
2019-03-12,2.465,2.37,9.499999999999975
2019-03-11,2.449,2.36,8.899999999999997
2019-03-08,2.442,2.36,8.20000000000003
2019-03-07,2.452,2.37,8.199999999999985
2019-03-06,2.44,2.36,8.000000000000007
2019-03-05,2.437,2.36,7.699999999999996
2019-03-04,2.433,2.36,7.299999999999995
2019-03-01,2.454,2.36,9.40000000000003
2019-02-28,2.618,2.55,6.800000000000006
2019-02-27,2.437,2.37,6.699999999999973
2019-02-26,2.443,2.37,7.299999999999995
2019-02-25,2.446,2.37,7.600000000000007
2019-02-22,2.443,2.37,7.299999999999995
2019-02-21,2.453,2.37,8.299999999999974
2019-02-20,2.459,2.37,8.899999999999997
2019-02-19,2.473,2.37,10.299999999999976
2019-02-15,2.487,2.41,7.699999999999996
2019-02-14,2.458,2.36,9.800000000000031
2019-02-13,2.45,2.36,9.00000000000003
2019-02-12,2.459,2.36,9.90000000000002
2019-02-11,2.455,2.4,5.500000000000016
2019-02-08,2.435,2.35,8.499999999999996
2019-02-07,2.442,2.36,8.20000000000003
2019-02-06,2.456,2.35,10.599999999999987
2019-02-05,2.445,2.37,7.499999999999973
2019-02-04,2.456,2.37999999999999,7.600000000000984
2019-02-01,2.521,2.43999999999999,8.100000000000973
2019-01-31,2.693,2.55,14.300000000000024
2019-01-30,2.452,2.36,9.200000000000008
2019-01-29,2.448,2.37,7.799999999999985
2019-01-28,2.443,2.37,7.299999999999995
2019-01-25,2.451,2.37999999999999,7.100000000000994
2019-01-24,2.477,2.4,7.699999999999996
2019-01-23,2.448,2.37999999999999,6.800000000000983
2019-01-22,2.464,2.37,9.399999999999986
2019-01-18,2.455,2.37,8.499999999999996
2019-01-17,2.459,2.37,8.899999999999997
2019-01-16,2.455,2.37,8.499999999999996
2019-01-15,2.495,2.41,8.499999999999996
2019-01-14,2.446,2.37999999999999,6.600000000001005
2019-01-11,2.457,2.37999999999999,7.700000000000973
2019-01-10,2.484,2.41,7.399999999999984
2019-01-09,2.511,2.43999999999999,7.100000000000994
2019-01-08,2.516,2.4,11.60000000000001
2019-01-07,2.496,2.37999999999999,11.600000000000987
2019-01-04,2.491,2.4299999999999997,6.100000000000039
2019-01-03,2.642,2.7,-5.800000000000027
2019-01-02,3.231,3.1,13.099999999999978
2018-12-31,5.149,2.9499999999999997,219.90000000000003
2018-12-28,2.551,2.45,10.099999999999998
2018-12-27,2.503,2.4299999999999997,7.30000000000004
2018-12-26,2.524,2.4299999999999997,9.40000000000003
2018-12-24,2.517,2.41,10.699999999999976
2018-12-21,2.445,2.39,5.499999999999972
2018-12-20,2.478,2.4,7.800000000000029
2018-12-19,2.326,2.29,3.600000000000003
2018-12-18,2.362,2.3,6.200000000000028
2018-12-17,2.396,2.27999999999999,11.600000000000987
2018-12-14,2.287,2.19,9.699999999999998
2018-12-13,2.262,2.18,8.199999999999985
2018-12-12,2.264,2.17,9.399999999999986
2018-12-11,2.271,2.17,10.099999999999998
2018-12-10,2.277,2.1999999999999997,7.70000000000004
2018-12-07,2.316,2.27999999999999,3.60000000000098
2018-12-06,2.447,2.31,13.700000000000001
2018-12-03,2.321,2.22,10.099999999999998
2018-11-30,2.357,2.27,8.700000000000019
2018-11-29,2.307,2.23,7.699999999999996
2018-11-28,2.268,2.19,7.799999999999985
2018-11-27,2.266,2.17,9.600000000000009
2018-11-26,2.261,2.18,8.099999999999996
2018-11-23,2.263,2.22,4.2999999999999705
2018-11-21,2.24,2.17,7.000000000000028
2018-11-20,2.248,2.18,6.800000000000006
2018-11-19,2.297,2.22,7.699999999999996
2018-11-16,2.33,2.25,8.000000000000007
2018-11-15,2.342,2.26,8.20000000000003
2018-11-14,2.274,2.17,10.40000000000001
2018-11-13,2.249,2.17,7.900000000000018
2018-11-09,2.264,2.19,7.399999999999984
2018-11-08,2.281,2.1999999999999997,8.10000000000004
2018-11-07,2.225,2.16,6.499999999999995
2018-11-06,2.261,2.22,4.0999999999999925
2018-11-05,2.297,2.23,6.700000000000017
2018-11-02,2.324,2.24,8.399999999999963
2018-11-01,2.394,2.1999999999999997,19.40000000000004
2018-10-31,2.31,2.19,12.00000000000001
2018-10-30,2.251,2.17,8.099999999999996
2018-10-29,2.246,2.17,7.600000000000007
2018-10-26,2.257,2.17,8.700000000000019
2018-10-25,2.265,2.17,9.50000000000002
2018-10-24,2.243,2.16,8.299999999999974
2018-10-23,2.233,2.15,8.300000000000018
2018-10-22,2.236,2.17,6.600000000000028
2018-10-19,2.261,2.17,9.10000000000002
2018-10-18,2.268,2.18,8.799999999999963
2018-10-17,2.27,2.17,10.000000000000009
2018-10-16,2.262,2.17,9.200000000000008
2018-10-15,2.285,2.19,9.50000000000002
2018-10-12,2.263,2.16,10.299999999999976
2018-10-11,2.255,2.16,9.499999999999975
2018-10-10,2.26,2.1399999999999997,12.00000000000001
2018-10-09,2.251,2.13,12.1
2018-10-05,2.223,2.1399999999999997,8.300000000000018
2018-10-04,2.233,2.17,6.300000000000017
2018-10-03,2.275,2.18,9.499999999999975
2018-10-02,2.286,2.18,10.599999999999987
2018-10-01,2.29,2.1999999999999997,9.00000000000003
2018-09-28,2.348,2.24,10.799999999999965
2018-09-27,2.226,2.15,7.600000000000007
2018-09-26,1.962,1.91,5.200000000000005
2018-09-25,1.97,1.91,6.000000000000005
2018-09-24,1.963,1.94,2.300000000000013
2018-09-21,1.984,1.9,8.400000000000007
2018-09-20,1.976,1.9,7.600000000000007
2018-09-19,1.981,1.9,8.10000000000002
2018-09-18,1.987,1.91,7.700000000000018
2018-09-17,2.045,1.97,7.499999999999996
2018-09-14,2.029,1.91,11.899999999999999
2018-09-13,1.99,1.91,8.000000000000007
2018-09-12,2.006,1.92,8.599999999999985
2018-09-11,2.003,1.92,8.300000000000018
2018-09-10,2.006,1.92,8.599999999999985
2018-09-07,2.02,1.91,11.00000000000001
2018-09-06,2.007,1.91,9.70000000000002
2018-09-05,2.007,1.92999999999999,7.700000000001017
2018-09-04,2.028,1.92999999999999,9.800000000001008
2018-08-31,2.039,1.95,8.90000000000002
2018-08-30,1.995,1.92,7.500000000000018
2018-08-29,1.987,1.92,6.700000000000017
2018-08-28,2.006,1.94,6.599999999999984
2018-08-27,2.037,1.94,9.699999999999998
2018-08-24,2.024,1.94,8.400000000000007
2018-08-23,2.031,1.92,11.100000000000021
2018-08-22,2.003,1.89,11.300000000000022
2018-08-21,1.981,1.87999999999999,10.10000000000102
2018-08-20,1.973,1.89,8.300000000000018
2018-08-17,1.973,1.9,7.300000000000018
2018-08-16,2.055,1.9799999999999904,7.5000000000009726
2018-08-15,2.07,1.97,9.999999999999986
2018-08-14,2.047,1.91,13.700000000000024
2018-08-13,2.009,1.89,11.899999999999999
2018-08-10,2.018,1.87,14.799999999999969
2018-08-09,1.991,1.9,9.10000000000002
2018-08-08,1.959,1.87,8.899999999999997
2018-08-07,1.956,1.86,9.599999999999987
2018-08-06,1.959,1.84,11.899999999999999
2018-08-03,1.942,1.83,11.199999999999989
2018-08-02,1.967,1.9,6.700000000000017
2018-08-01,1.964,1.86,10.399999999999988
2018-07-31,1.979,1.91,6.900000000000017
2018-07-30,1.936,1.86,7.5999999999999845
2018-07-27,1.922,1.87,5.199999999999982
2018-07-26,1.953,1.89,6.300000000000017
2018-07-25,1.956,1.86,9.599999999999987
2018-07-24,1.916,1.89,2.6000000000000023
2018-07-23,1.923,1.86,6.2999999999999945
2018-07-20,1.948,1.86,8.799999999999986
2018-07-19,1.954,1.87999999999999,7.400000000001006
2018-07-18,1.921,1.87,5.099999999999993
2018-07-17,1.983,1.91,7.300000000000018
2018-07-16,2.025,1.92,10.499999999999998
2018-07-13,1.995,1.87,12.5
2018-07-12,1.946,1.87,7.5999999999999845
2018-07-11,1.938,1.86,7.799999999999985
2018-07-10,1.962,1.87,9.199999999999985
2018-07-09,1.946,1.87,7.5999999999999845
2018-07-06,1.974,1.9,7.400000000000007
2018-07-05,2.025,1.95,7.499999999999996
2018-07-03,2.049,1.9799999999999904,6.90000000000095
2018-07-02,2.11,2.0,10.999999999999988
2018-06-29,2.233,2.1,13.3
2018-06-28,2.045,1.9,14.500000000000002
2018-06-27,1.953,1.87999999999999,7.300000000001017
2018-06-26,1.964,1.89,7.400000000000007
2018-06-25,1.955,1.89,6.500000000000017
2018-06-22,1.975,1.9,7.500000000000018
2018-06-21,1.966,1.83,13.59999999999999
2018-06-20,1.921,1.83,9.099999999999998
2018-06-19,1.93,1.84,8.999999999999986
2018-06-18,1.939,1.85,8.899999999999997
2018-06-15,1.996,1.87,12.599999999999989
2018-06-14,1.955,1.87,8.499999999999996
2018-06-13,1.743,1.68,6.300000000000017
2018-06-12,1.762,1.65,11.20000000000001
2018-06-11,1.739,1.66,7.900000000000018
2018-06-08,1.755,1.67,8.499999999999996
2018-06-07,1.766,1.69,7.600000000000007
2018-06-06,1.781,1.7000000000000002,8.099999999999973
2018-06-05,1.796,1.72,7.600000000000007
2018-06-04,1.841,1.76,8.099999999999996
2018-06-01,1.884,1.77,11.399999999999988
2018-05-31,1.985,1.78,20.500000000000007
2018-05-30,1.801,1.7000000000000002,10.099999999999977
2018-05-29,1.794,1.7000000000000002,9.399999999999986
2018-05-25,1.795,1.7000000000000002,9.499999999999975
2018-05-24,1.791,1.71,8.099999999999996
2018-05-23,1.714,1.63,8.400000000000007
2018-05-22,1.67,1.63,4.0000000000000036
2018-05-21,1.715,1.66,5.500000000000016
2018-05-18,1.762,1.69,7.200000000000006
2018-05-17,1.8,1.71,9.000000000000007
2018-05-16,1.789,1.7000000000000002,8.899999999999974
2018-05-15,1.837,1.73,10.7
2018-05-14,1.794,1.7000000000000002,9.399999999999986
2018-05-11,1.8,1.7000000000000002,9.999999999999986
2018-05-10,1.793,1.69,10.299999999999997
2018-05-09,1.771,1.68,9.099999999999998
2018-05-08,1.778,1.68,9.800000000000008
2018-05-07,1.766,1.67,9.600000000000009
2018-05-04,1.767,1.68,8.699999999999996
2018-05-03,1.777,1.7000000000000002,7.6999999999999735
2018-05-02,1.789,1.7000000000000002,8.899999999999974
2018-05-01,1.808,1.7000000000000002,10.799999999999986
2018-04-30,1.827,1.72,10.7
2018-04-27,1.772,1.68,9.200000000000008
2018-04-26,1.776,1.67,10.600000000000009
2018-04-25,1.756,1.67,8.600000000000009
2018-04-24,1.755,1.68,7.499999999999996
2018-04-23,1.742,1.67,7.200000000000006
2018-04-20,1.759,1.67,8.899999999999997
2018-04-19,1.777,1.67,10.7
2018-04-18,1.804,1.69,11.40000000000001
2018-04-17,1.829,1.7000000000000002,12.899999999999977
2018-04-16,1.836,1.7000000000000002,13.59999999999999
2018-04-13,1.796,1.68,11.60000000000001
2018-04-12,1.786,1.68,10.600000000000009
2018-04-11,1.823,1.7000000000000002,12.299999999999978
2018-04-10,1.825,1.7000000000000002,12.499999999999979
2018-04-09,1.834,1.7000000000000002,13.39999999999999
2018-04-06,1.819,1.7000000000000002,11.899999999999977
2018-04-05,1.83,1.7000000000000002,12.99999999999999
2018-04-04,1.795,1.7000000000000002,9.499999999999975
2018-04-03,1.93,1.81,11.99999999999999
2018-04-02,1.95,1.77,17.999999999999993
