Date,GCF
2025-08-08,4.381
2025-08-07,4.39
2025-08-06,4.377
2025-08-05,4.388
2025-08-04,4.368
2025-08-01,4.378
2025-07-31,4.428
2025-07-30,4.37
2025-07-29,4.361
2025-07-28,4.362
2025-07-25,4.389
2025-07-24,4.352
2025-07-23,4.319
2025-07-22,4.319
2025-07-21,4.31
2025-07-18,4.316
2025-07-17,4.373
2025-07-16,4.378
2025-07-15,4.423
2025-07-14,4.353
2025-07-11,4.372
2025-07-10,4.37
2025-07-09,4.373
2025-07-08,4.377
2025-07-07,4.377
2025-07-03,4.379
2025-07-02,4.389
2025-07-01,4.467
2025-06-30,4.574
2025-06-27,4.405
2025-06-26,4.412
2025-06-25,4.408
2025-06-24,4.361
2025-06-23,4.343
2025-06-20,4.331
2025-06-18,4.329
2025-06-17,4.36
2025-06-16,4.38
2025-06-13,4.34
2025-06-12,4.326
2025-06-11,4.327
2025-06-10,4.334
2025-06-09,4.338
2025-06-06,4.328
2025-06-05,4.335
2025-06-04,4.329
2025-06-03,4.362
2025-06-02,4.385
2025-05-30,4.39
2025-05-29,4.365
2025-05-28,4.371
2025-05-27,4.38
2025-05-23,4.3
2025-05-22,4.29
2025-05-21,4.306
2025-05-20,4.325
2025-05-19,4.32
2025-05-16,4.349
2025-05-15,4.369
2025-05-14,4.332
2025-05-13,4.345
2025-05-12,4.332
2025-05-09,4.33
2025-05-08,4.333
2025-05-07,4.334
2025-05-06,4.364
2025-05-05,4.364
2025-05-02,4.392
2025-05-01,4.433
2025-04-30,4.488
2025-04-29,4.394
2025-04-28,4.413
2025-04-25,4.385
2025-04-24,4.332
2025-04-23,4.312
2025-04-22,4.335
2025-04-21,4.364
2025-04-17,4.384
2025-04-16,4.376
2025-04-15,4.418
2025-04-14,4.354
2025-04-11,4.362
2025-04-10,4.357
2025-04-09,4.4
2025-04-08,4.434
2025-04-07,4.396
2025-04-04,4.362
2025-04-03,4.414
2025-04-02,4.413
2025-04-01,4.427
2025-03-31,4.51
2025-03-28,4.383
2025-03-27,4.395
2025-03-26,4.397
2025-03-25,4.388
2025-03-24,4.351
2025-03-21,4.335
2025-03-20,4.342
2025-03-19,4.323
2025-03-18,4.352
2025-03-17,4.381
2025-03-14,4.338
2025-03-13,4.337
2025-03-12,4.342
2025-03-11,4.363
2025-03-10,4.346
2025-03-07,4.37
2025-03-06,4.382
2025-03-05,4.383
2025-03-04,4.381
2025-03-03,4.379
2025-02-28,4.421
2025-02-27,4.386
2025-02-26,4.369
2025-02-25,4.372
2025-02-24,4.374
2025-02-21,4.38
2025-02-20,4.386
2025-02-19,4.38
2025-02-18,4.427
2025-02-14,4.393
2025-02-13,4.376
2025-02-12,4.37
2025-02-11,4.38
2025-02-10,4.387
2025-02-07,4.384
2025-02-06,4.397
2025-02-05,4.382
2025-02-04,4.378
2025-02-03,4.393
2025-01-31,4.421
2025-01-30,4.39
2025-01-29,4.385
2025-01-28,4.402
2025-01-27,4.398
2025-01-24,4.376
2025-01-23,4.395
2025-01-22,4.332
2025-01-21,4.32
2025-01-17,4.32
2025-01-16,4.342
2025-01-15,4.307
2025-01-14,4.304
2025-01-13,4.317
2025-01-10,4.339
2025-01-09,4.344
2025-01-08,4.319
2025-01-07,4.31
2025-01-06,4.286
2025-01-03,4.346
2025-01-02,4.419
2024-12-31,4.545
2024-12-30,4.384
2024-12-27,4.439
2024-12-26,4.561
2024-12-24,4.464
2024-12-23,4.377
2024-12-20,4.346
2024-12-19,4.366
2024-12-18,4.608
2024-12-17,4.666
2024-12-16,4.691
2024-12-13,4.641
2024-12-12,4.655
2024-12-11,4.643
2024-12-10,4.663
2024-12-09,4.67
2024-12-06,4.644
2024-12-05,4.641
2024-12-04,4.622
2024-12-03,4.674
2024-12-02,4.696
2024-11-29,4.645
2024-11-27,4.604
2024-11-26,4.612
2024-11-25,4.605
2024-11-22,4.603
2024-11-21,4.609
2024-11-20,4.584
2024-11-19,4.596
2024-11-18,4.595
2024-11-15,4.606
2024-11-14,4.61
2024-11-13,4.617
2024-11-12,4.642
2024-11-08,4.628
2024-11-07,4.849
2024-11-06,4.83
2024-11-05,4.846
2024-11-04,4.861
2024-11-01,4.894
2024-10-31,4.962
2024-10-30,4.845
2024-10-29,4.849
2024-10-28,4.853
2024-10-25,4.867
2024-10-24,4.871
2024-10-23,4.875
2024-10-22,4.892
2024-10-21,4.892
2024-10-18,4.885
2024-10-17,4.935
2024-10-16,4.945
2024-10-15,4.932
2024-10-11,4.845
2024-10-10,4.85
2024-10-09,4.857
2024-10-08,4.887
2024-10-07,4.878
2024-10-04,4.885
2024-10-03,4.895
2024-10-02,4.963
2024-10-01,5.159
2024-09-30,5.221
2024-09-27,4.892
2024-09-26,4.893
2024-09-25,4.891
2024-09-24,4.892
2024-09-23,4.868
2024-09-20,4.865
2024-09-19,4.857
2024-09-18,5.368
2024-09-17,5.421
2024-09-16,5.436
2024-09-13,5.41
2024-09-12,5.399
2024-09-11,5.375
2024-09-10,5.375
2024-09-09,5.403
2024-09-06,5.417
2024-09-05,5.432
2024-09-04,5.431
2024-09-03,5.465
2024-08-30,5.391
2024-08-29,5.382
2024-08-28,5.4
2024-08-27,5.419
2024-08-26,5.397
2024-08-23,5.39
2024-08-22,5.364
2024-08-21,5.347
2024-08-20,5.363
2024-08-19,5.367
2024-08-16,5.37
2024-08-15,5.407
2024-08-14,5.365
2024-08-13,5.403
2024-08-12,5.398
2024-08-09,5.396
2024-08-08,5.415
2024-08-07,5.389
2024-08-06,5.398
2024-08-05,5.378
2024-08-02,5.397
2024-08-01,5.448
2024-07-31,5.471
2024-07-30,5.391
2024-07-29,5.385
2024-07-26,5.406
2024-07-25,5.423
2024-07-24,5.382
2024-07-23,5.386
2024-07-22,5.383
2024-07-19,5.39
2024-07-18,5.409
2024-07-17,5.428
2024-07-16,5.426
2024-07-15,5.417
2024-07-12,5.392
2024-07-11,5.41
2024-07-10,5.399
2024-07-09,5.41
2024-07-08,5.386
2024-07-05,5.371
2024-07-03,5.373
2024-07-02,5.418
2024-07-01,5.425
2024-06-28,5.39
2024-06-27,5.36
2024-06-26,5.389
2024-06-25,5.42
2024-06-24,5.364
2024-06-21,5.352
2024-06-20,5.345
2024-06-18,5.385
2024-06-17,5.408
2024-06-14,5.376
2024-06-13,5.371
2024-06-12,5.356
2024-06-11,5.367
2024-06-10,5.359
2024-06-07,5.385
2024-06-06,5.396
2024-06-05,5.39
2024-06-04,5.403
2024-06-03,5.41
2024-05-31,5.423
2024-05-30,5.374
2024-05-29,5.395
2024-05-28,5.4
2024-05-24,5.369
2024-05-23,5.356
2024-05-22,5.351
2024-05-21,5.355
2024-05-20,5.349
2024-05-17,5.356
2024-05-16,5.372
2024-05-15,5.362
2024-05-14,5.348
2024-05-13,5.318
2024-05-10,5.346
2024-05-09,5.35
2024-05-08,5.351
2024-05-07,5.361
2024-05-06,5.349
2024-05-03,5.349
2024-05-02,5.369
2024-05-01,5.371
2024-04-30,5.413
2024-04-29,5.361
2024-04-26,5.358
2024-04-25,5.369
2024-04-24,5.329
2024-04-23,5.331
2024-04-22,5.324
2024-04-19,5.329
2024-04-18,5.339
2024-04-17,5.317
2024-04-16,5.359
2024-04-15,5.391
2024-04-12,5.344
2024-04-11,5.341
2024-04-10,5.351
2024-04-09,5.348
2024-04-08,5.354
2024-04-05,5.365
2024-04-04,5.373
2024-04-03,5.366
2024-04-02,5.416
2024-04-01,5.461
2024-03-28,5.367
2024-03-27,5.384
2024-03-26,5.385
2024-03-25,5.348
2024-03-22,5.346
2024-03-21,5.346
2024-03-20,5.334
2024-03-19,5.142
2024-03-18,5.334
2024-03-15,5.36
2024-03-14,5.34
2024-03-13,5.34
2024-03-12,5.361
2024-03-11,5.347
2024-03-08,5.358
2024-03-07,5.36
2024-03-06,5.337
2024-03-05,5.342
2024-03-04,5.341
2024-03-01,5.358
2024-02-29,5.371
2024-02-28,5.328
2024-02-27,5.34
2024-02-26,5.356
2024-02-23,5.349
2024-02-22,5.331
2024-02-21,5.323
2024-02-20,5.321
2024-02-16,5.318
2024-02-15,5.329
2024-02-14,5.296
2024-02-13,5.31
2024-02-12,5.332
2024-02-09,5.347
2024-02-08,5.333
2024-02-07,5.348
2024-02-06,5.353
2024-02-05,5.32
2024-02-02,5.347
2024-02-01,5.378
2024-01-31,5.375
2024-01-30,5.349
2024-01-29,5.313
2024-01-26,5.352
2024-01-25,5.38
2024-01-24,5.36
2024-01-23,5.332
2024-01-22,5.314
2024-01-19,5.327
2024-01-18,5.338
2024-01-17,5.348
2024-01-16,5.379
2024-01-12,5.356
2024-01-11,5.36
2024-01-10,5.362
2024-01-09,5.38
2024-01-08,5.368
2024-01-05,5.362
2024-01-04,5.387
2024-01-03,5.451
2024-01-02,5.504
2023-12-29,5.434
2023-12-28,5.495
2023-12-27,5.486
2023-12-26,5.452
2023-12-22,5.395
2023-12-21,5.362
2023-12-20,5.35
2023-12-19,5.363
2023-12-18,5.378
2023-12-15,5.385
2023-12-14,5.351
2023-12-13,5.349
2023-12-12,5.369
2023-12-11,5.375
2023-12-08,5.372
2023-12-07,5.387
2023-12-06,5.384
2023-12-05,5.387
2023-12-04,5.417
2023-12-01,5.435
2023-11-30,5.427
2023-11-29,5.393
2023-11-28,5.393
2023-11-27,5.396
2023-11-24,5.392
2023-11-22,5.354
2023-11-21,5.362
2023-11-20,5.361
2023-11-17,5.381
2023-11-16,5.395
2023-11-15,5.397
2023-11-14,5.383
2023-11-13,5.397
2023-11-10,5.387
2023-11-09,5.395
2023-11-08,5.386
2023-11-07,5.39
2023-11-06,5.389
2023-11-03,5.386
2023-11-02,5.397
2023-11-01,5.395
2023-10-31,5.395
2023-10-30,5.351
2023-10-27,5.351
2023-10-26,5.358
2023-10-25,5.347
2023-10-24,5.328
2023-10-23,5.306
2023-10-20,5.327
2023-10-19,5.331
2023-10-18,5.319
2023-10-17,5.307
2023-10-16,5.38
2023-10-13,5.374
2023-10-12,5.379
2023-10-11,5.371
2023-10-10,5.394
2023-10-06,5.382
2023-10-05,5.377
2023-10-04,5.389
2023-10-03,5.399
2023-10-02,5.394
2023-09-29,5.351
2023-09-28,5.367
2023-09-27,5.364
2023-09-26,5.379
2023-09-25,5.363
2023-09-22,5.36
2023-09-21,5.351
2023-09-20,5.352
2023-09-19,5.359
2023-09-18,5.365
2023-09-15,5.369
2023-09-14,5.354
2023-09-13,5.354
2023-09-12,5.358
2023-09-11,5.359
2023-09-08,5.353
2023-09-07,5.36
2023-09-06,5.336
2023-09-05,5.359
2023-09-01,5.363
2023-08-31,5.367
2023-08-30,5.338
2023-08-29,5.35
2023-08-28,5.353
2023-08-25,5.344
2023-08-24,5.332
2023-08-23,5.33
2023-08-22,5.36
2023-08-21,5.298
2023-08-18,5.302
2023-08-17,5.339
2023-08-16,5.342
2023-08-15,5.358
2023-08-14,5.339
2023-08-11,5.335
2023-08-10,5.337
2023-08-09,5.323
2023-08-08,5.324
2023-08-07,5.301
2023-08-04,5.271
2023-08-03,5.314
2023-08-02,5.297
2023-08-01,5.353
2023-07-31,5.358
2023-07-28,5.288
2023-07-27,5.365
2023-07-26,5.115
2023-07-25,5.116
2023-07-24,5.096
2023-07-21,5.098
2023-07-20,5.089
2023-07-19,5.112
2023-07-18,5.13
2023-07-17,5.103
2023-07-14,5.117
2023-07-13,5.104
2023-07-12,5.103
2023-07-11,5.102
2023-07-10,5.125
2023-07-07,5.136
2023-07-06,5.137
2023-07-05,5.137
2023-07-03,5.126
2023-06-30,5.108
2023-06-29,5.146
2023-06-28,5.141
2023-06-27,5.138
2023-06-26,5.117
2023-06-23,5.106
2023-06-22,5.104
2023-06-21,5.079
2023-06-20,5.094
2023-06-16,5.086
2023-06-15,5.129
2023-06-14,5.082
2023-06-13,5.093
2023-06-12,5.082
2023-06-09,5.1
2023-06-08,5.094
2023-06-07,5.087
2023-06-06,5.114
2023-06-05,5.12
2023-06-02,5.141
2023-06-01,5.195
2023-05-31,5.178
2023-05-30,5.107
2023-05-26,5.103
2023-05-25,5.151
2023-05-24,5.098
2023-05-23,5.104
2023-05-22,5.078
2023-05-19,5.075
2023-05-18,5.093
2023-05-17,5.095
2023-05-16,5.114
2023-05-15,5.104
2023-05-12,5.087
2023-05-11,5.096
2023-05-10,5.079
2023-05-09,5.101
2023-05-08,5.106
2023-05-05,5.128
2023-05-04,5.118
2023-05-03,4.873
2023-05-02,4.877
2023-05-01,4.869
2023-04-28,4.836
2023-04-27,4.823
2023-04-26,4.831
2023-04-25,4.85
2023-04-24,4.824
2023-04-21,4.819
2023-04-20,4.825
2023-04-19,4.806
2023-04-18,4.838
2023-04-17,4.849
2023-04-14,4.85
2023-04-13,4.855
2023-04-12,4.822
2023-04-11,4.846
2023-04-10,4.827
2023-04-06,4.856
2023-04-05,4.868
2023-04-04,4.887
2023-04-03,4.908
2023-03-31,4.916
2023-03-30,4.884
2023-03-29,4.846
2023-03-28,4.872
2023-03-27,4.89
2023-03-24,4.859
2023-03-23,4.846
2023-03-22,4.588
2023-03-21,4.588
2023-03-20,4.585
2023-03-17,4.587
2023-03-16,4.613
2023-03-15,4.595
2023-03-14,4.609
2023-03-13,4.569
2023-03-10,4.574
2023-03-09,4.586
2023-03-08,4.566
2023-03-07,4.568
2023-03-06,4.561
2023-03-03,4.568
2023-03-02,4.577
2023-03-01,4.563
2023-02-28,4.577
2023-02-27,4.546
2023-02-24,4.56
2023-02-23,4.561
2023-02-22,4.552
2023-02-21,4.558
2023-02-17,4.56
2023-02-16,4.591
2023-02-15,4.59
2023-02-14,4.582
2023-02-13,4.58
2023-02-10,4.58
2023-02-09,4.597
2023-02-08,4.588
2023-02-07,4.589
2023-02-06,4.572
2023-02-03,4.593
2023-02-02,4.593
2023-02-01,4.336
2023-01-31,4.347
2023-01-30,4.32
2023-01-27,4.321
2023-01-26,4.322
2023-01-25,4.323
2023-01-24,4.32
2023-01-23,4.3
2023-01-20,4.304
2023-01-19,4.321
2023-01-18,4.31
2023-01-17,4.324
2023-01-13,4.306
2023-01-12,4.318
2023-01-11,4.318
2023-01-10,4.317
2023-01-09,4.316
2023-01-06,4.316
2023-01-05,4.318
2023-01-04,4.313
2023-01-03,4.317
2022-12-30,4.279
2022-12-29,4.308
2022-12-28,4.305
2022-12-27,4.31
2022-12-23,4.307
2022-12-22,4.309
2022-12-21,4.3
2022-12-20,4.309
2022-12-19,4.324
2022-12-16,4.365
2022-12-15,4.345
2022-12-14,3.814
2022-12-13,3.815
2022-12-12,3.819
2022-12-09,3.824
2022-12-08,3.812
2022-12-07,3.804
2022-12-06,3.806
2022-12-05,3.83
2022-12-02,3.839
2022-12-01,3.842
2022-11-30,3.818
2022-11-29,3.836
2022-11-28,3.829
2022-11-25,3.829
2022-11-23,3.792
2022-11-22,3.818
2022-11-21,3.801
2022-11-18,3.815
2022-11-17,3.823
2022-11-16,3.829
2022-11-15,3.821
2022-11-14,3.814
2022-11-10,3.797
2022-11-09,3.786
2022-11-08,3.795
2022-11-07,3.793
2022-11-04,3.8
2022-11-03,3.773
2022-11-02,3.047
2022-11-01,3.064
2022-10-31,3.034
2022-10-28,3.056
2022-10-27,3.056
2022-10-26,3.047
2022-10-25,3.041
2022-10-24,3.036
2022-10-21,3.024
2022-10-20,3.038
2022-10-19,3.046
2022-10-18,3.047
2022-10-17,3.06
2022-10-14,3.052
2022-10-13,3.056
2022-10-12,3.053
2022-10-11,3.065
2022-10-07,3.063
2022-10-06,3.064
2022-10-05,3.064
2022-10-04,3.064
2022-10-03,3.053
2022-09-30,3.04
2022-09-29,2.979
2022-09-28,2.953
2022-09-27,2.952
2022-09-26,2.99
2022-09-23,2.969
2022-09-22,3.009
2022-09-21,2.221
2022-09-20,2.261
2022-09-19,2.272
2022-09-16,2.283
2022-09-15,2.298
2022-09-14,2.28
2022-09-13,2.285
2022-09-12,2.294
2022-09-09,2.295
2022-09-08,2.284
2022-09-07,2.279
2022-09-06,2.306
2022-09-02,2.298
2022-09-01,2.303
2022-08-31,2.287
2022-08-30,2.303
2022-08-29,2.298
2022-08-26,2.31
2022-08-25,2.301
2022-08-24,2.276
2022-08-23,2.285
2022-08-22,2.267
2022-08-19,2.277
2022-08-18,2.298
2022-08-17,2.3
2022-08-16,2.304
2022-08-15,2.307
2022-08-12,2.295
2022-08-11,2.302
2022-08-10,2.272
2022-08-09,2.307
2022-08-08,2.299
2022-08-05,2.299
2022-08-04,2.303
2022-08-03,2.302
2022-08-02,2.315
2022-08-01,2.308
2022-07-29,2.282
2022-07-28,2.271
2022-07-27,1.531
2022-07-26,1.553
2022-07-25,1.535
2022-07-22,1.53
2022-07-21,1.53
2022-07-20,1.534
2022-07-19,1.549
2022-07-18,1.544
2022-07-15,1.561
2022-07-14,1.547
2022-07-13,1.541
2022-07-12,1.547
2022-07-11,1.55
2022-07-08,1.176
2022-07-07,1.552
2022-07-06,1.548
2022-07-05,1.556
2022-07-01,1.533
2022-06-30,1.473
2022-06-29,1.477
2022-06-28,1.508
2022-06-27,1.55
2022-06-24,1.517
2022-06-23,1.497
2022-06-22,1.486
2022-06-21,1.471
2022-06-17,1.474
2022-06-16,1.445
2022-06-15,0.704
2022-06-14,0.7
2022-06-13,0.716
2022-06-10,0.748
2022-06-09,0.758
2022-06-08,0.761
2022-06-07,0.766
2022-06-06,0.783
2022-06-03,0.777
2022-06-02,0.795
2022-06-01,0.803
2022-05-31,0.804
2022-05-27,0.785
2022-05-26,0.789
2022-05-25,0.782
2022-05-24,0.782
2022-05-23,0.782
2022-05-20,0.779
2022-05-19,0.784
2022-05-18,0.789
2022-05-17,0.8
2022-05-16,0.81
2022-05-13,0.801
2022-05-12,0.797
2022-05-11,0.789
2022-05-10,0.775
2022-05-09,0.778
2022-05-06,0.779
2022-05-05,0.766
2022-05-04,0.295
2022-05-03,0.3
2022-05-02,0.295
2022-04-29,0.239
2022-04-28,0.266
2022-04-27,0.281
2022-04-26,0.257
2022-04-25,0.243
2022-04-22,0.26
2022-04-21,0.254
2022-04-20,0.241
2022-04-19,0.27
2022-04-18,0.291
2022-04-14,0.29
2022-04-13,0.294
2022-04-12,0.277
2022-04-11,0.288
2022-04-08,0.293
2022-04-07,0.295
2022-04-06,0.293
2022-04-05,0.303
2022-04-04,0.298
2022-04-01,0.307
2022-03-31,0.272
2022-03-30,0.264
2022-03-29,0.283
2022-03-28,0.295
2022-03-25,0.274
2022-03-24,0.267
2022-03-23,0.249
2022-03-22,0.266
2022-03-21,0.288
2022-03-18,0.274
2022-03-17,0.267
2022-03-16,0.04
2022-03-15,0.04
2022-03-14,0.03
2022-03-11,0.037
2022-03-10,0.036
2022-03-09,0.051
2022-03-08,0.057
2022-03-07,0.055
2022-03-04,0.06
2022-03-03,0.062
2022-03-02,0.055
2022-03-01,0.054
2022-02-28,0.063
2022-02-25,0.057
2022-02-24,0.05
2022-02-23,0.046
2022-02-22,0.049
2022-02-18,0.052
2022-02-17,0.055
2022-02-16,0.054
2022-02-15,0.052
2022-02-14,0.043
2022-02-11,0.052
2022-02-10,0.047
2022-02-09,0.041
2022-02-08,0.026
2022-02-07,0.031
2022-02-04,0.051
2022-02-03,0.047
2022-02-02,0.044
2022-02-01,0.041
2022-01-31,0.04
2022-01-28,0.041
2022-01-27,0.038
2022-01-26,0.04
2022-01-25,0.036
2022-01-24,0.029
2022-01-21,0.027
2022-01-20,0.027
2022-01-19,0.034
2022-01-18,0.042
2022-01-14,0.023
2022-01-13,0.025
2022-01-12,0.038
2022-01-11,0.047
2022-01-10,0.04
2022-01-07,0.046
2022-01-06,0.061
2022-01-05,0.066
2022-01-04,0.066
2022-01-03,0.06
2021-12-31,0.045
2021-12-30,0.036
2021-12-29,0.04
2021-12-28,0.04
2021-12-27,0.042
2021-12-23,0.048
2021-12-22,0.043
2021-12-21,0.024
2021-12-20,0.03
2021-12-17,0.033
2021-12-16,0.035
2021-12-15,0.034
2021-12-14,0.033
2021-12-13,0.034
2021-12-10,0.045
2021-12-09,0.055
2021-12-08,0.06
2021-12-07,0.061
2021-12-06,0.061
2021-12-03,0.065
2021-12-02,0.065
2021-12-01,0.061
2021-11-30,0.067
2021-11-29,0.057
2021-11-26,0.051
2021-11-24,0.052
2021-11-23,0.053
2021-11-22,0.05
2021-11-19,0.047
2021-11-18,0.047
2021-11-17,0.047
2021-11-16,0.056
2021-11-15,0.062
2021-11-12,0.054
2021-11-10,0.053
2021-11-09,0.057
2021-11-08,0.059
2021-11-05,0.06
2021-11-04,0.056
2021-11-03,0.055
2021-11-02,0.059
2021-11-01,0.059
2021-10-29,0.03
2021-10-28,0.057
2021-10-27,0.052
2021-10-26,0.049
2021-10-25,0.04
2021-10-22,0.044
2021-10-21,0.015
2021-10-20,0.017
2021-10-19,0.019
2021-10-18,0.02
2021-10-15,0.034
2021-10-14,0.026
2021-10-13,0.039
2021-10-12,0.042
2021-10-08,0.042
2021-10-07,0.043
2021-10-06,0.041
2021-10-05,0.045
2021-10-04,0.05
2021-10-01,0.05
2021-09-30,0.041
2021-09-29,0.039
2021-09-28,0.05
2021-09-27,0.056
2021-09-24,0.052
2021-09-23,0.039
2021-09-22,0.034
2021-09-21,0.034
2021-09-20,0.039
2021-09-17,0.04
2021-09-16,0.055
2021-09-15,0.061
2021-09-14,0.053
2021-09-13,0.056
2021-09-10,0.057
2021-09-09,0.059
2021-09-08,0.057
2021-09-07,0.06
2021-09-03,0.059
2021-09-02,0.06
2021-09-01,0.061
2021-08-31,0.061
2021-08-30,0.053
2021-08-27,0.056
2021-08-26,0.06
2021-08-25,0.058
2021-08-24,0.056
2021-08-23,0.022
2021-08-20,0.021
2021-08-19,0.022
2021-08-18,0.037
2021-08-17,0.055
2021-08-16,0.061
2021-08-13,0.051
2021-08-12,0.044
2021-08-11,0.046
2021-08-10,0.056
2021-08-09,0.056
2021-08-06,0.061
2021-08-05,0.063
2021-08-04,0.064
2021-08-03,0.068
2021-08-02,0.073
2021-07-30,0.047
2021-07-29,0.05
2021-07-28,0.05
2021-07-27,0.054
2021-07-26,0.054
2021-07-23,0.055
2021-07-22,0.039
2021-07-21,0.038
2021-07-20,0.04
2021-07-19,0.037
2021-07-16,0.043
2021-07-15,0.055
2021-07-14,0.044
2021-07-13,0.051
2021-07-12,0.048
2021-07-09,0.051
2021-07-08,0.06
2021-07-07,0.068
2021-07-06,0.068
2021-07-02,0.066
2021-07-01,0.062
2021-06-30,0.05
2021-06-29,0.031
2021-06-28,0.042
2021-06-25,0.057
2021-06-24,0.049
2021-06-23,0.038
2021-06-22,0.039
2021-06-21,0.039
2021-06-18,0.043
2021-06-17,0.043
2021-06-16,0.01
2021-06-15,0.009
2021-06-14,0.004
2021-06-11,0.009
2021-06-10,0.009
2021-06-09,0.01
2021-06-08,0.01
2021-06-07,0.009
2021-06-04,0.013
2021-06-03,0.014
2021-06-02,0.018
2021-06-01,0.02
2021-05-28,0.003
2021-05-27,-0.001
2021-05-26,-0.001
2021-05-25,0.0
2021-05-24,-0.001
2021-05-21,-0.006
2021-05-20,0.001
2021-05-19,0.004
2021-05-18,0.002
2021-05-17,0.006
2021-05-14,0.002
2021-05-13,0.001
2021-05-12,0.008
2021-05-11,0.011
2021-05-10,0.011
2021-05-07,0.01
2021-05-06,0.012
2021-05-05,0.01
2021-05-04,0.009
2021-05-03,0.013
2021-04-30,0.017
2021-04-29,0.0
2021-04-28,0.0
2021-04-27,0.002
2021-04-26,0.009
2021-04-23,0.015
2021-04-22,0.009
2021-04-21,0.003
2021-04-20,0.005
2021-04-19,0.008
2021-04-16,0.008
2021-04-15,0.015
2021-04-14,0.0
2021-04-13,0.006
2021-04-12,0.003
2021-04-09,0.004
2021-04-08,0.013
2021-04-07,0.023
2021-04-06,0.028
2021-04-05,0.04
2021-04-01,0.036
2021-03-31,0.01
2021-03-30,0.001
2021-03-29,0.027
2021-03-26,0.036
2021-03-25,0.04
2021-03-24,0.016
2021-03-23,0.006
2021-03-22,0.005
2021-03-19,0.005
2021-03-18,-0.008
2021-03-17,0.01
2021-03-16,0.012
2021-03-15,0.023
2021-03-12,0.012
2021-03-11,0.019
2021-03-10,0.048
2021-03-09,0.042
2021-03-08,0.035
2021-03-05,0.035
2021-03-04,0.038
2021-03-03,0.058
2021-03-02,0.075
2021-03-01,0.058
2021-02-26,0.009
2021-02-25,0.038
2021-02-24,0.05
2021-02-23,0.023
2021-02-22,0.046
2021-02-19,0.042
2021-02-18,0.054
2021-02-17,0.08
2021-02-16,0.093
2021-02-12,0.067
2021-02-11,0.081
2021-02-10,0.102
2021-02-09,0.097
2021-02-08,0.062
2021-02-05,0.037
2021-02-04,0.062
2021-02-03,0.088
2021-02-02,0.096
2021-02-01,0.1
2021-01-29,0.072
2021-01-28,0.074
2021-01-27,0.054
2021-01-26,0.042
2021-01-25,0.075
2021-01-22,0.076
2021-01-21,0.044
2021-01-20,0.063
2021-01-19,0.089
2021-01-15,0.09
2021-01-14,0.088
2021-01-13,0.1
2021-01-12,0.098
2021-01-11,0.096
2021-01-08,0.114
2021-01-07,0.12
2021-01-06,0.124
2021-01-05,0.125
2021-01-04,0.121
2020-12-31,0.08
2020-12-30,0.096
2020-12-29,0.119
2020-12-28,0.122
2020-12-24,0.107
2020-12-23,0.07
2020-12-22,0.074
2020-12-21,0.098
2020-12-18,0.11
2020-12-17,0.111
2020-12-16,0.099
2020-12-15,0.111
2020-12-14,0.082
2020-12-11,0.102
2020-12-10,0.102
2020-12-09,0.091
2020-12-08,0.091
2020-12-07,0.1
2020-12-04,0.117
2020-12-03,0.109
2020-12-02,0.098
2020-12-01,0.1
2020-11-30,0.11
2020-11-27,0.11
2020-11-25,0.107
2020-11-24,0.11
2020-11-23,0.067
2020-11-20,0.068
2020-11-19,0.073
2020-11-18,0.083
2020-11-17,0.111
2020-11-16,0.127
2020-11-13,0.112
2020-11-12,0.113
2020-11-10,0.123
2020-11-09,0.115
2020-11-06,0.124
2020-11-05,0.132
2020-11-04,0.127
2020-11-03,0.13
2020-11-02,0.126
2020-10-30,0.115
2020-10-29,0.118
2020-10-28,0.102
2020-10-27,0.114
2020-10-26,0.123
2020-10-23,0.121
2020-10-22,0.101
2020-10-21,0.095
2020-10-20,0.114
2020-10-19,0.116
2020-10-16,0.116
2020-10-15,0.131
2020-10-14,0.113
2020-10-13,0.127
2020-10-09,0.118
2020-10-08,0.121
2020-10-07,0.095
2020-10-06,0.124
2020-10-05,0.121
2020-10-02,0.13
2020-10-01,0.117
2020-09-30,0.116
2020-09-29,0.103
2020-09-28,0.102
2020-09-25,0.116
2020-09-24,0.109
2020-09-23,0.072
2020-09-22,0.077
2020-09-21,0.08
2020-09-18,0.093
2020-09-17,0.127
2020-09-16,0.122
2020-09-15,0.129
2020-09-14,0.112
2020-09-11,0.128
2020-09-10,0.129
2020-09-09,0.125
2020-09-08,0.129
2020-09-04,0.13
2020-09-03,0.132
2020-09-02,0.128
2020-09-01,0.132
2020-08-31,0.123
2020-08-28,0.101
2020-08-27,0.098
2020-08-26,0.095
2020-08-25,0.107
2020-08-24,0.105
2020-08-21,0.112
2020-08-20,0.112
2020-08-19,0.09
2020-08-18,0.118
2020-08-17,0.13
2020-08-14,0.127
2020-08-13,0.128
2020-08-12,0.129
2020-08-11,0.131
2020-08-10,0.128
2020-08-07,0.123
2020-08-06,0.129
2020-08-05,0.127
2020-08-04,0.124
2020-08-03,0.129
2020-07-31,0.134
2020-07-30,0.113
2020-07-29,0.115
2020-07-28,0.122
2020-07-27,0.135
2020-07-24,0.133
2020-07-23,0.125
2020-07-22,0.115
2020-07-21,0.13
2020-07-20,0.136
2020-07-17,0.143
2020-07-16,0.139
2020-07-15,0.151
2020-07-14,0.141
2020-07-13,0.139
2020-07-10,0.144
2020-07-09,0.138
2020-07-08,0.132
2020-07-07,0.136
2020-07-06,0.142
2020-07-02,0.149
2020-07-01,0.134
2020-06-30,0.129
2020-06-29,0.123
2020-06-26,0.126
2020-06-25,0.125
2020-06-24,0.121
2020-06-23,0.11
2020-06-22,0.117
2020-06-19,0.123
2020-06-18,0.122
2020-06-17,0.12
2020-06-16,0.134
2020-06-15,0.13
2020-06-12,0.125
2020-06-11,0.112
2020-06-10,0.121
2020-06-09,0.125
2020-06-08,0.124
2020-06-05,0.119
2020-06-04,0.114
2020-06-03,0.115
2020-06-02,0.125
2020-06-01,0.118
2020-05-29,0.096
2020-05-28,0.126
2020-05-27,0.102
2020-05-26,0.115
2020-05-22,0.104
2020-05-21,0.064
2020-05-20,0.025
2020-05-19,0.084
2020-05-18,0.079
2020-05-15,0.105
2020-05-14,0.086
2020-05-13,0.057
2020-05-12,0.117
2020-05-11,0.118
2020-05-08,0.12
2020-05-07,0.119
2020-05-06,0.109
2020-05-05,0.104
2020-05-04,0.098
2020-05-01,0.111
2020-04-30,0.106
2020-04-29,0.075
2020-04-28,0.06
2020-04-27,0.084
2020-04-24,0.097
2020-04-23,0.091
2020-04-22,0.05
2020-04-21,0.04
2020-04-20,0.06
2020-04-17,0.088
2020-04-16,0.111
2020-04-15,0.078
2020-04-14,0.095
2020-04-13,0.112
2020-04-09,0.106
2020-04-08,0.095
2020-04-07,0.08
2020-04-06,0.068
2020-04-03,0.06
2020-04-02,0.089
2020-04-01,0.052
2020-03-31,0.002
2020-03-30,0.048
2020-03-27,0.05
2020-03-26,0.089
2020-03-25,0.094
2020-03-24,0.061
2020-03-23,0.068
2020-03-20,0.074
2020-03-19,0.103
2020-03-18,0.154
2020-03-17,0.638
2020-03-16,0.859
2020-03-13,1.158
2020-03-12,1.194
2020-03-11,1.191
2020-03-10,1.181
2020-03-09,1.163
2020-03-06,1.146
2020-03-05,1.168
2020-03-04,1.245
2020-03-03,1.72
2020-03-02,1.695
2020-02-28,1.647
2020-02-27,1.626
2020-02-26,1.626
2020-02-25,1.634
2020-02-24,1.614
2020-02-21,1.609
2020-02-20,1.627
2020-02-19,1.631
2020-02-18,1.646
2020-02-14,1.627
2020-02-13,1.623
2020-02-12,1.615
2020-02-11,1.622
2020-02-10,1.594
2020-02-07,1.607
2020-02-06,1.622
2020-02-05,1.624
2020-02-04,1.637
2020-02-03,1.644
2020-01-31,1.652
2020-01-30,1.626
2020-01-29,1.572
2020-01-28,1.569
2020-01-27,1.571
2020-01-24,1.565
2020-01-23,1.57
2020-01-22,1.57
2020-01-21,1.569
2020-01-17,1.575
2020-01-16,1.578
2020-01-15,1.584
2020-01-14,1.575
2020-01-13,1.578
2020-01-10,1.577
2020-01-09,1.59
2020-01-08,1.584
2020-01-07,1.594
2020-01-06,1.593
2020-01-03,1.593
2020-01-02,1.603
2019-12-31,1.624
2019-12-30,1.572
2019-12-27,1.579
2019-12-26,1.573
2019-12-24,1.549
2019-12-23,1.563
2019-12-20,1.559
2019-12-19,1.568
2019-12-18,1.579
2019-12-17,1.592
2019-12-16,1.643
2019-12-13,1.612
2019-12-12,1.568
2019-12-11,1.576
2019-12-10,1.589
2019-12-09,1.589
2019-12-06,1.588
2019-12-05,1.6
2019-12-04,1.598
2019-12-03,1.59
2019-12-02,1.64
2019-11-29,1.656
2019-11-27,1.596
2019-11-26,1.588
2019-11-25,1.594
2019-11-22,1.614
2019-11-21,1.626
2019-11-20,1.62
2019-11-19,1.639
2019-11-18,1.608
2019-11-15,1.624
2019-11-14,1.612
2019-11-13,1.596
2019-11-12,1.632
2019-11-08,1.603
2019-11-07,1.607
2019-11-06,1.601
2019-11-05,1.619
2019-11-04,1.62
2019-11-01,1.634
2019-10-31,1.807
2019-10-30,1.873
2019-10-29,1.873
2019-10-28,1.857
2019-10-25,1.88
2019-10-24,1.91
2019-10-23,1.902
2019-10-22,1.914
2019-10-21,1.908
2019-10-18,1.916
2019-10-17,1.974
2019-10-16,2.069
2019-10-15,2.17
2019-10-11,1.888
2019-10-10,1.887
2019-10-09,1.899
2019-10-08,1.898
2019-10-07,1.884
2019-10-04,1.876
2019-10-03,1.871
2019-10-02,1.901
2019-10-01,1.96
2019-09-30,2.46
2019-09-27,1.874
2019-09-26,1.869
2019-09-25,2.01
2019-09-24,2.014
2019-09-23,2.0
2019-09-20,1.908
2019-09-19,1.975
2019-09-18,3.0
2019-09-17,6.007
2019-09-16,2.876
2019-09-13,2.288
2019-09-12,2.268
2019-09-11,2.24
2019-09-10,2.229
2019-09-09,2.197
2019-09-06,2.204
2019-09-05,2.269
2019-09-04,2.298
2019-09-03,2.304
2019-08-30,2.23
2019-08-29,2.176
2019-08-28,2.178
2019-08-27,2.215
2019-08-26,2.19
2019-08-23,2.164
2019-08-22,2.162
2019-08-21,2.167
2019-08-20,2.186
2019-08-19,2.179
2019-08-16,2.192
2019-08-15,2.252
2019-08-14,2.2
2019-08-13,2.22
2019-08-12,2.183
2019-08-09,2.189
2019-08-08,2.186
2019-08-07,2.163
2019-08-06,2.176
2019-08-05,2.184
2019-08-02,2.232
2019-08-01,2.253
2019-07-31,2.609
2019-07-30,2.441
2019-07-29,2.468
2019-07-26,2.466
2019-07-25,2.49
2019-07-24,2.481
2019-07-23,2.47
2019-07-22,2.473
2019-07-19,2.468
2019-07-18,2.511
2019-07-17,2.527
2019-07-16,2.562
2019-07-15,2.551
2019-07-12,2.459
2019-07-11,2.451
2019-07-10,2.496
2019-07-09,2.532
2019-07-08,2.543
2019-07-05,2.642
2019-07-03,2.656
2019-07-02,2.609
2019-07-01,2.87
2019-06-28,2.588
2019-06-27,2.466
2019-06-26,2.464
2019-06-25,2.448
2019-06-24,2.467
2019-06-21,2.419
2019-06-20,2.441
2019-06-19,2.41
2019-06-18,2.435
2019-06-17,2.493
2019-06-14,2.408
2019-06-13,2.409
2019-06-12,2.422
2019-06-11,2.437
2019-06-10,2.444
2019-06-07,2.444
2019-06-06,2.462
2019-06-05,2.455
2019-06-04,2.45
2019-06-03,2.459
2019-05-31,2.552
2019-05-30,2.445
2019-05-29,2.46
2019-05-28,2.456
2019-05-24,2.425
2019-05-23,2.429
2019-05-22,2.413
2019-05-21,2.434
2019-05-20,2.433
2019-05-17,2.462
2019-05-16,2.487
2019-05-15,2.533
2019-05-14,2.456
2019-05-13,2.433
2019-05-10,2.445
2019-05-09,2.449
2019-05-08,2.473
2019-05-07,2.492
2019-05-06,2.464
2019-05-03,2.47
2019-05-02,2.534
2019-05-01,2.602
2019-04-30,2.807
2019-04-29,2.534
2019-04-26,2.519
2019-04-25,2.512
2019-04-24,2.49
2019-04-23,2.499
2019-04-22,2.547
2019-04-18,2.568
2019-04-17,2.576
2019-04-16,2.587
2019-04-15,2.547
2019-04-12,2.498
2019-04-11,2.482
2019-04-10,2.49
2019-04-09,2.505
2019-04-08,2.516
2019-04-05,2.518
2019-04-04,2.535
2019-04-03,2.512
2019-04-02,2.543
2019-04-01,2.545
2019-03-29,2.611
2019-03-28,2.478
2019-03-27,2.449
2019-03-26,2.485
2019-03-25,2.453
2019-03-22,2.456
2019-03-21,2.5
2019-03-20,2.524
2019-03-19,2.531
2019-03-18,2.478
2019-03-15,2.521
2019-03-14,2.479
2019-03-13,2.458
2019-03-12,2.465
2019-03-11,2.449
2019-03-08,2.442
2019-03-07,2.452
2019-03-06,2.44
2019-03-05,2.437
2019-03-04,2.433
2019-03-01,2.454
2019-02-28,2.618
2019-02-27,2.437
2019-02-26,2.443
2019-02-25,2.446
2019-02-22,2.443
2019-02-21,2.453
2019-02-20,2.459
2019-02-19,2.473
2019-02-15,2.487
2019-02-14,2.458
2019-02-13,2.45
2019-02-12,2.459
2019-02-11,2.455
2019-02-08,2.435
2019-02-07,2.442
2019-02-06,2.456
2019-02-05,2.445
2019-02-04,2.456
2019-02-01,2.521
2019-01-31,2.693
2019-01-30,2.452
2019-01-29,2.448
2019-01-28,2.443
2019-01-25,2.451
2019-01-24,2.477
2019-01-23,2.448
2019-01-22,2.464
2019-01-18,2.455
2019-01-17,2.459
2019-01-16,2.455
2019-01-15,2.495
2019-01-14,2.446
2019-01-11,2.457
2019-01-10,2.484
2019-01-09,2.511
2019-01-08,2.516
2019-01-07,2.496
2019-01-04,2.491
2019-01-03,2.642
2019-01-02,3.231
2018-12-31,5.149
2018-12-28,2.551
2018-12-27,2.503
2018-12-26,2.524
2018-12-24,2.517
2018-12-21,2.445
2018-12-20,2.478
2018-12-19,2.326
2018-12-18,2.362
2018-12-17,2.396
2018-12-14,2.287
2018-12-13,2.262
2018-12-12,2.264
2018-12-11,2.271
2018-12-10,2.277
2018-12-07,2.316
2018-12-06,2.447
2018-12-03,2.321
2018-11-30,2.357
2018-11-29,2.307
2018-11-28,2.268
2018-11-27,2.266
2018-11-26,2.261
2018-11-23,2.263
2018-11-21,2.24
2018-11-20,2.248
2018-11-19,2.297
2018-11-16,2.33
2018-11-15,2.342
2018-11-14,2.274
2018-11-13,2.249
2018-11-09,2.264
2018-11-08,2.281
2018-11-07,2.225
2018-11-06,2.261
2018-11-05,2.297
2018-11-02,2.324
2018-11-01,2.394
2018-10-31,2.31
2018-10-30,2.251
2018-10-29,2.246
2018-10-26,2.257
2018-10-25,2.265
2018-10-24,2.243
2018-10-23,2.233
2018-10-22,2.236
2018-10-19,2.261
2018-10-18,2.268
2018-10-17,2.27
2018-10-16,2.262
2018-10-15,2.285
2018-10-12,2.263
2018-10-11,2.255
2018-10-10,2.26
2018-10-09,2.251
2018-10-05,2.223
2018-10-04,2.233
2018-10-03,2.275
2018-10-02,2.286
2018-10-01,2.29
2018-09-28,2.348
2018-09-27,2.226
2018-09-26,1.962
2018-09-25,1.97
2018-09-24,1.963
2018-09-21,1.984
2018-09-20,1.976
2018-09-19,1.981
2018-09-18,1.987
2018-09-17,2.045
2018-09-14,2.029
2018-09-13,1.99
2018-09-12,2.006
2018-09-11,2.003
2018-09-10,2.006
2018-09-07,2.02
2018-09-06,2.007
2018-09-05,2.007
2018-09-04,2.028
2018-08-31,2.039
2018-08-30,1.995
2018-08-29,1.987
2018-08-28,2.006
2018-08-27,2.037
2018-08-24,2.024
2018-08-23,2.031
2018-08-22,2.003
2018-08-21,1.981
2018-08-20,1.973
2018-08-17,1.973
2018-08-16,2.055
2018-08-15,2.07
2018-08-14,2.047
2018-08-13,2.009
2018-08-10,2.018
2018-08-09,1.991
2018-08-08,1.959
2018-08-07,1.956
2018-08-06,1.959
2018-08-03,1.942
2018-08-02,1.967
2018-08-01,1.964
2018-07-31,1.979
2018-07-30,1.936
2018-07-27,1.922
2018-07-26,1.953
2018-07-25,1.956
2018-07-24,1.916
2018-07-23,1.923
2018-07-20,1.948
2018-07-19,1.954
2018-07-18,1.921
2018-07-17,1.983
2018-07-16,2.025
2018-07-13,1.995
2018-07-12,1.946
2018-07-11,1.938
2018-07-10,1.962
2018-07-09,1.946
2018-07-06,1.974
2018-07-05,2.025
2018-07-03,2.049
2018-07-02,2.11
2018-06-29,2.233
2018-06-28,2.045
2018-06-27,1.953
2018-06-26,1.964
2018-06-25,1.955
2018-06-22,1.975
2018-06-21,1.966
2018-06-20,1.921
2018-06-19,1.93
2018-06-18,1.939
2018-06-15,1.996
2018-06-14,1.955
2018-06-13,1.743
2018-06-12,1.762
2018-06-11,1.739
2018-06-08,1.755
2018-06-07,1.766
2018-06-06,1.781
2018-06-05,1.796
2018-06-04,1.841
2018-06-01,1.884
2018-05-31,1.985
2018-05-30,1.801
2018-05-29,1.794
2018-05-25,1.795
2018-05-24,1.791
2018-05-23,1.714
2018-05-22,1.67
2018-05-21,1.715
2018-05-18,1.762
2018-05-17,1.8
2018-05-16,1.789
2018-05-15,1.837
2018-05-14,1.794
2018-05-11,1.8
2018-05-10,1.793
2018-05-09,1.771
2018-05-08,1.778
2018-05-07,1.766
2018-05-04,1.767
2018-05-03,1.777
2018-05-02,1.789
2018-05-01,1.808
2018-04-30,1.827
2018-04-27,1.772
2018-04-26,1.776
2018-04-25,1.756
2018-04-24,1.755
2018-04-23,1.742
2018-04-20,1.759
2018-04-19,1.777
2018-04-18,1.804
2018-04-17,1.829
2018-04-16,1.836
2018-04-13,1.796
2018-04-12,1.786
2018-04-11,1.823
2018-04-10,1.825
2018-04-09,1.834
2018-04-06,1.819
2018-04-05,1.83
2018-04-04,1.795
2018-04-03,1.93
2018-04-02,1.95
2018-03-29,2.068
2018-03-28,1.809
2018-03-27,1.802
2018-03-26,1.816
2018-03-23,1.794
2018-03-22,1.755
2018-03-21,1.519
2018-03-20,1.552
2018-03-19,1.569
2018-03-16,1.572
2018-03-15,1.636
2018-03-14,1.548
2018-03-13,1.532
2018-03-12,1.526
2018-03-09,1.556
2018-03-08,1.569
2018-03-07,1.503
2018-03-06,1.508
2018-03-05,1.519
2018-03-02,1.534
2018-03-01,1.575
2018-02-28,1.476
2018-02-27,1.45
2018-02-26,1.449
2018-02-23,1.417
2018-02-22,1.416
2018-02-21,1.382
2018-02-20,1.398
2018-02-16,1.475
2018-02-15,1.485
2018-02-14,1.389
2018-02-13,1.396
2018-02-12,1.396
2018-02-09,1.409
2018-02-08,1.438
2018-02-07,1.377
2018-02-06,1.354
2018-02-05,1.381
2018-02-02,1.397
2018-02-01,1.435
2018-01-31,1.45
2018-01-30,1.398
2018-01-29,1.396
2018-01-26,1.437
2018-01-25,1.449
2018-01-24,1.464
2018-01-23,1.372
2018-01-22,1.379
2018-01-19,1.398
2018-01-18,1.429
2018-01-17,1.48
2018-01-16,1.525
2018-01-12,1.483
2018-01-11,1.448
2018-01-10,1.339
2018-01-09,1.371
2018-01-08,1.411
2018-01-05,1.445
2018-01-04,1.536
2018-01-03,1.546
2018-01-02,1.604
2017-12-29,1.836
2017-12-28,1.574
2017-12-27,1.495
2017-12-26,1.527
2017-12-22,1.532
2017-12-21,1.501
2017-12-20,1.463
2017-12-19,1.465
2017-12-18,1.468
2017-12-15,1.498
2017-12-14,1.438
2017-12-13,1.12
2017-12-12,1.114
2017-12-11,1.114
2017-12-08,1.103
2017-12-07,1.142
2017-12-06,1.167
2017-12-05,1.17
2017-12-04,1.116
2017-12-01,1.109
2017-11-30,1.154
2017-11-29,1.057
2017-11-28,1.113
2017-11-27,1.177
2017-11-24,1.219
2017-11-22,1.118
2017-11-21,1.135
2017-11-20,1.183
2017-11-17,1.254
2017-11-16,1.303
2017-11-15,1.288
2017-11-14,1.244
2017-11-13,1.196
2017-11-10,1.2
2017-11-09,1.204
2017-11-08,1.159
2017-11-07,1.16
2017-11-06,1.171
2017-11-03,1.196
2017-11-02,1.21
2017-11-01,1.182
2017-10-31,1.215
2017-10-30,1.124
2017-10-27,1.137
2017-10-26,1.176
2017-10-25,1.15
2017-10-24,1.155
2017-10-23,1.177
2017-10-20,1.201
2017-10-19,1.174
2017-10-18,1.145
2017-10-17,1.161
2017-10-16,1.178
2017-10-13,1.148
2017-10-12,1.081
2017-10-11,1.11
2017-10-10,1.114
2017-10-06,1.127
2017-10-05,1.135
2017-10-04,1.094
2017-10-03,1.103
2017-10-02,1.122
2017-09-29,1.203
2017-09-28,1.062
2017-09-27,1.028
2017-09-26,1.033
2017-09-25,1.052
2017-09-22,1.06
2017-09-21,1.037
2017-09-20,1.022
2017-09-19,1.023
2017-09-18,1.086
2017-09-15,1.194
2017-09-14,1.202
2017-09-13,1.133
2017-09-12,1.134
2017-09-11,1.138
2017-09-08,1.117
2017-09-07,1.123
2017-09-06,1.118
2017-09-05,1.112
2017-09-01,1.177
2017-08-31,1.227
2017-08-30,1.114
2017-08-29,1.111
2017-08-28,1.148
2017-08-25,1.152
2017-08-24,1.177
2017-08-23,1.085
2017-08-22,1.073
2017-08-21,1.093
2017-08-18,1.145
2017-08-17,1.185
2017-08-16,1.169
2017-08-15,1.211
2017-08-14,1.175
2017-08-11,1.157
2017-08-10,1.132
2017-08-09,1.074
2017-08-08,1.058
2017-08-07,1.066
2017-08-04,1.06
2017-08-03,1.07
2017-08-02,1.055
2017-08-01,1.072
2017-07-31,1.171
2017-07-28,1.085
2017-07-27,1.111
2017-07-26,1.101
2017-07-25,1.127
2017-07-24,1.13
2017-07-21,1.063
2017-07-20,1.071
2017-07-19,1.055
2017-07-18,1.071
2017-07-17,1.127
2017-07-14,1.079
2017-07-13,1.065
2017-07-12,1.041
2017-07-11,1.013
2017-07-10,1.029
2017-07-07,1.04
2017-07-06,1.095
2017-07-05,1.134
2017-07-03,1.222
2017-06-30,1.366
2017-06-29,1.212
2017-06-28,1.123
2017-06-27,1.101
2017-06-26,1.134
2017-06-23,1.164
2017-06-22,1.072
2017-06-21,1.06
2017-06-20,1.109
2017-06-19,1.173
2017-06-16,1.253
2017-06-15,1.312
2017-06-14,1.075
2017-06-13,1.008
2017-06-12,0.993
2017-06-09,0.994
2017-06-08,0.98
2017-06-07,0.951
2017-06-06,0.938
2017-06-05,0.928
2017-06-02,0.928
2017-06-01,0.95
2017-05-31,0.991
2017-05-30,0.885
2017-05-26,0.921
2017-05-25,0.92
2017-05-24,0.868
2017-05-23,0.791
2017-05-22,0.795
2017-05-19,0.805
2017-05-18,0.839
2017-05-17,0.841
2017-05-16,0.832
2017-05-15,0.859
2017-05-12,0.811
2017-05-11,0.829
2017-05-10,0.816
2017-05-09,0.813
2017-05-08,0.839
2017-05-05,0.856
2017-05-04,0.863
2017-05-03,0.844
2017-05-02,0.844
2017-05-01,0.884
2017-04-28,1.002
2017-04-27,0.9
2017-04-26,0.87
2017-04-25,0.846
2017-04-24,0.869
2017-04-21,0.802
2017-04-20,0.803
2017-04-19,0.836
2017-04-18,0.915
2017-04-17,0.993
2017-04-13,0.984
2017-04-12,0.892
2017-04-11,0.868
2017-04-10,0.879
2017-04-07,0.897
2017-04-06,0.908
2017-04-05,0.852
2017-04-04,0.832
2017-04-03,0.832
2017-03-31,1.025
2017-03-30,0.851
2017-03-29,0.797
2017-03-28,0.803
2017-03-27,0.815
2017-03-24,0.838
2017-03-23,0.798
2017-03-22,0.752
2017-03-21,0.759
2017-03-20,0.759
2017-03-17,0.756
2017-03-16,0.81
2017-03-15,0.582
2017-03-14,0.589
2017-03-13,0.506
2017-03-10,0.523
2017-03-09,0.529
2017-03-08,0.53
2017-03-07,0.527
2017-03-06,0.533
2017-03-03,0.536
2017-03-02,0.536
2017-03-01,0.533
2017-02-28,0.596
2017-02-27,0.532
2017-02-24,0.547
2017-02-23,0.499
2017-02-22,0.489
2017-02-21,0.495
2017-02-17,0.514
2017-02-16,0.564
2017-02-15,0.64
2017-02-14,0.582
2017-02-13,0.581
2017-02-10,0.621
2017-02-09,0.652
2017-02-08,0.553
2017-02-07,0.57
2017-02-06,0.588
2017-02-03,0.605
2017-02-02,0.597
2017-02-01,0.629
2017-01-31,0.695
2017-01-30,0.602
2017-01-27,0.593
2017-01-26,0.61
2017-01-25,0.605
2017-01-24,0.613
2017-01-23,0.5
2017-01-20,0.538
2017-01-19,0.569
2017-01-18,0.692
2017-01-17,0.763
2017-01-13,0.663
2017-01-12,0.604
2017-01-11,0.549
2017-01-10,0.535
2017-01-09,0.572
2017-01-06,0.619
2017-01-05,0.622
2017-01-04,0.67
2017-01-03,0.588
2016-12-30,0.471
2016-12-29,0.564
2016-12-28,0.665
2016-12-27,0.586
2016-12-23,0.56
2016-12-22,0.486
2016-12-21,0.448
2016-12-20,0.481
2016-12-19,0.505
2016-12-16,0.55
2016-12-15,0.538
2016-12-14,0.264
2016-12-13,0.312
2016-12-12,0.37
2016-12-09,0.374
2016-12-08,0.304
2016-12-07,0.284
2016-12-06,0.268
2016-12-05,0.278
2016-12-02,0.294
2016-12-01,0.277
2016-11-30,0.324
2016-11-29,0.276
2016-11-28,0.298
2016-11-25,0.346
2016-11-23,0.306
2016-11-22,0.244
2016-11-21,0.252
2016-11-18,0.286
2016-11-17,0.35
2016-11-16,0.388
2016-11-15,0.414
2016-11-14,0.428
2016-11-10,0.501
2016-11-09,0.477
2016-11-08,0.451
2016-11-07,0.443
2016-11-04,0.453
2016-11-03,0.496
2016-11-02,0.425
2016-11-01,0.432
2016-10-31,0.493
2016-10-28,0.414
2016-10-27,0.5
2016-10-26,0.474
2016-10-25,0.444
2016-10-24,0.427
2016-10-21,0.334
2016-10-20,0.395
2016-10-19,0.363
2016-10-18,0.416
2016-10-17,0.519
2016-10-14,0.478
2016-10-13,0.511
2016-10-12,0.539
2016-10-11,0.52
2016-10-07,0.481
2016-10-06,0.602
2016-10-05,0.662
2016-10-04,0.749
2016-10-03,0.747
2016-09-30,1.266
2016-09-29,0.891
2016-09-28,0.79
2016-09-27,0.681
2016-09-26,0.577
2016-09-23,0.506
2016-09-22,0.433
2016-09-21,0.414
2016-09-20,0.419
2016-09-19,0.408
2016-09-16,0.423
2016-09-15,0.541
2016-09-14,0.485
2016-09-13,0.517
2016-09-12,0.526
2016-09-09,0.54
2016-09-08,0.56
2016-09-07,0.505
2016-09-06,0.494
2016-09-02,0.5
2016-09-01,0.549
2016-08-31,0.556
2016-08-30,0.485
2016-08-29,0.498
2016-08-26,0.504
2016-08-25,0.508
2016-08-24,0.458
2016-08-23,0.409
2016-08-22,0.402
2016-08-19,0.487
2016-08-18,0.525
2016-08-17,0.518
2016-08-16,0.527
2016-08-15,0.557
2016-08-12,0.515
2016-08-11,0.521
2016-08-10,0.474
2016-08-09,0.459
2016-08-08,0.471
2016-08-05,0.522
2016-08-04,0.53
2016-08-03,0.482
2016-08-02,0.526
2016-08-01,0.532
2016-07-29,0.539
2016-07-28,0.481
2016-07-27,0.449
2016-07-26,0.447
2016-07-25,0.447
2016-07-22,0.461
2016-07-21,0.442
2016-07-20,0.395
2016-07-19,0.393
2016-07-18,0.432
2016-07-15,0.503
2016-07-14,0.481
2016-07-13,0.474
2016-07-12,0.482
2016-07-11,0.508
2016-07-08,0.53
2016-07-07,0.517
2016-07-06,0.51
2016-07-05,0.502
2016-07-01,0.582
2016-06-30,0.875
2016-06-29,0.569
2016-06-28,0.641
2016-06-27,0.761
2016-06-24,0.855
2016-06-23,0.614
2016-06-22,0.548
2016-06-21,0.494
2016-06-20,0.484
2016-06-17,0.491
2016-06-16,0.518
2016-06-15,0.531
2016-06-14,0.488
2016-06-13,0.486
2016-06-10,0.492
2016-06-09,0.483
2016-06-08,0.456
2016-06-07,0.454
2016-06-06,0.419
2016-06-03,0.434
2016-06-02,0.434
2016-06-01,0.42
2016-05-31,0.442
2016-05-27,0.325
2016-05-26,0.295
2016-05-25,0.324
2016-05-24,0.384
2016-05-23,0.288
2016-05-20,0.315
2016-05-19,0.337
2016-05-18,0.379
2016-05-17,0.425
2016-05-16,0.451
2016-05-13,0.447
2016-05-12,0.429
2016-05-11,0.423
2016-05-10,0.436
2016-05-09,0.43
2016-05-06,0.437
2016-05-05,0.43
2016-05-04,0.408
2016-05-03,0.402
2016-05-02,0.384
2016-04-29,0.402
2016-04-28,0.341
2016-04-27,0.354
2016-04-26,0.379
2016-04-25,0.398
2016-04-22,0.43
2016-04-21,0.348
2016-04-20,0.352
2016-04-19,0.375
2016-04-18,0.433
2016-04-15,0.486
2016-04-14,0.454
2016-04-13,0.45
2016-04-12,0.451
2016-04-11,0.453
2016-04-08,0.442
2016-04-07,0.442
2016-04-06,0.428
2016-04-05,0.428
2016-04-04,0.466
2016-04-01,0.504
2016-03-31,0.639
2016-03-30,0.431
2016-03-29,0.469
2016-03-28,0.493
2016-03-24,0.489
2016-03-23,0.376
2016-03-22,0.322
2016-03-21,0.361
2016-03-18,0.391
2016-03-17,0.438
2016-03-16,0.437
2016-03-15,0.472
2016-03-14,0.437
2016-03-11,0.452
2016-03-10,0.457
2016-03-09,0.419
2016-03-08,0.415
2016-03-07,0.417
2016-03-04,0.417
2016-03-03,0.438
2016-03-02,0.423
2016-03-01,0.411
2016-02-29,0.462
2016-02-26,0.388
2016-02-25,0.444
2016-02-24,0.454
2016-02-23,0.383
2016-02-22,0.426
2016-02-19,0.459
2016-02-18,0.482
2016-02-17,0.485
2016-02-16,0.506
2016-02-12,0.483
2016-02-11,0.517
2016-02-10,0.495
2016-02-09,0.491
2016-02-08,0.481
2016-02-05,0.503
2016-02-04,0.517
2016-02-03,0.49
2016-02-02,0.501
2016-02-01,0.485
2016-01-29,0.533
2016-01-28,0.516
2016-01-27,0.463
2016-01-26,0.465
2016-01-25,0.487
2016-01-22,0.568
2016-01-21,0.508
2016-01-20,0.469
2016-01-19,0.445
2016-01-15,0.444
2016-01-14,0.433
2016-01-13,0.434
2016-01-12,0.44
2016-01-11,0.449
2016-01-08,0.457
2016-01-07,0.466
2016-01-06,0.494
2016-01-05,0.48
2016-01-04,0.474
2015-12-31,0.639
2015-12-30,0.475
2015-12-29,0.501
2015-12-28,0.549
2015-12-24,0.539
2015-12-23,0.401
2015-12-22,0.352
2015-12-21,0.395
2015-12-18,0.436
2015-12-17,0.45
2015-12-16,0.4
2015-12-15,0.329
2015-12-14,0.235
2015-12-11,0.226
2015-12-10,0.262
2015-12-09,0.31
2015-12-08,0.303
2015-12-07,0.275
2015-12-04,0.244
2015-12-03,0.234
2015-12-02,0.201
2015-12-01,0.183
2015-11-30,0.23
2015-11-27,0.232
2015-11-25,0.166
2015-11-24,0.152
2015-11-23,0.075
2015-11-20,0.084
2015-11-19,0.116
2015-11-18,0.104
2015-11-17,0.148
2015-11-16,0.175
2015-11-13,0.165
2015-11-12,0.173
2015-11-10,0.124
2015-11-09,0.137
2015-11-06,0.156
2015-11-05,0.207
2015-11-04,0.15
2015-11-03,0.165
2015-11-02,0.117
2015-10-30,0.153
2015-10-29,0.118
2015-10-28,0.101
2015-10-27,0.106
2015-10-26,0.137
2015-10-23,0.169
2015-10-22,0.094
2015-10-21,0.121
2015-10-20,0.167
2015-10-19,0.186
2015-10-16,0.232
2015-10-15,0.247
2015-10-14,0.228
2015-10-13,0.203
2015-10-09,0.195
2015-10-08,0.174
2015-10-07,0.161
2015-10-06,0.157
2015-10-05,0.146
2015-10-02,0.163
2015-10-01,0.186
2015-09-30,0.352
2015-09-29,0.134
2015-09-28,0.143
2015-09-25,0.155
2015-09-24,0.178
2015-09-23,0.12
2015-09-22,0.145
2015-09-21,0.145
2015-09-18,0.138
2015-09-17,0.177
2015-09-16,0.176
2015-09-15,0.21
2015-09-14,0.181
2015-09-11,0.198
2015-09-10,0.209
2015-09-09,0.152
2015-09-08,0.146
2015-09-04,0.165
2015-09-03,0.188
2015-09-02,0.228
2015-09-01,0.266
2015-08-31,0.286
2015-08-28,0.194
2015-08-27,0.178
2015-08-26,0.188
2015-08-25,0.213
2015-08-24,0.24
2015-08-21,0.177
2015-08-20,0.205
2015-08-19,0.227
2015-08-18,0.244
2015-08-17,0.274
2015-08-14,0.26
2015-08-13,0.27
2015-08-12,0.282
2015-08-11,0.259
2015-08-10,0.261
2015-08-07,0.273
2015-08-06,0.264
2015-08-05,0.255
2015-08-04,0.248
2015-08-03,0.258
2015-07-31,0.316
2015-07-30,0.273
2015-07-29,0.231
2015-07-28,0.227
2015-07-27,0.232
2015-07-24,0.228
2015-07-23,0.152
2015-07-22,0.111
2015-07-21,0.12
2015-07-20,0.151
2015-07-17,0.175
2015-07-16,0.218
2015-07-15,0.241
2015-07-14,0.212
2015-07-13,0.211
2015-07-10,0.216
2015-07-09,0.204
2015-07-08,0.195
2015-07-07,0.185
2015-07-06,0.177
2015-07-02,0.182
2015-07-01,0.188
2015-06-30,0.423
2015-06-29,0.182
2015-06-26,0.217
2015-06-25,0.189
2015-06-24,0.179
2015-06-23,0.083
2015-06-22,0.096
2015-06-19,0.115
2015-06-18,0.152
2015-06-17,0.174
2015-06-16,0.206
2015-06-15,0.222
2015-06-12,0.202
2015-06-11,0.195
2015-06-10,0.18
2015-06-09,0.172
2015-06-08,0.177
2015-06-05,0.19
2015-06-04,0.203
2015-06-03,0.209
2015-06-02,0.183
2015-06-01,0.197
2015-05-29,0.214
2015-05-28,0.133
2015-05-27,0.108
2015-05-26,0.146
2015-05-22,0.146
2015-05-21,0.116
2015-05-20,0.078
2015-05-19,0.088
2015-05-18,0.109
2015-05-15,0.184
2015-05-14,0.172
2015-05-13,0.179
2015-05-12,0.175
2015-05-11,0.148
2015-05-08,0.137
2015-05-07,0.126
2015-05-06,0.133
2015-05-05,0.151
2015-05-04,0.155
2015-05-01,0.212
2015-04-30,0.262
2015-04-29,0.136
2015-04-28,0.132
2015-04-27,0.16
2015-04-24,0.152
2015-04-23,0.1
2015-04-22,0.103
2015-04-21,0.123
2015-04-20,0.156
2015-04-17,0.219
2015-04-16,0.246
2015-04-15,0.256
2015-04-14,0.226
2015-04-13,0.224
2015-04-10,0.228
2015-04-09,0.233
2015-04-08,0.21
2015-04-07,0.214
2015-04-06,0.217
2015-04-02,0.25
2015-04-01,0.237
2015-03-31,0.45
2015-03-30,0.217
2015-03-27,0.206
2015-03-26,0.207
2015-03-25,0.207
2015-03-24,0.193
2015-03-23,0.126
2015-03-20,0.128
2015-03-19,0.148
2015-03-18,0.175
2015-03-17,0.229
2015-03-16,0.229
2015-03-13,0.183
2015-03-12,0.168
2015-03-11,0.143
2015-03-10,0.149
2015-03-09,0.17
2015-03-06,0.171
2015-03-05,0.172
2015-03-04,0.17
2015-03-03,0.158
2015-03-02,0.155
2015-02-27,0.153
2015-02-26,0.101
2015-02-25,0.063
2015-02-24,0.063
2015-02-23,0.059
2015-02-20,0.08
2015-02-19,0.095
2015-02-18,0.125
2015-02-17,0.145
2015-02-13,0.149
2015-02-12,0.163
2015-02-11,0.146
2015-02-10,0.158
2015-02-09,0.178
2015-02-06,0.185
2015-02-05,0.191
2015-02-04,0.143
2015-02-03,0.154
2015-02-02,0.165
2015-01-30,0.143
2015-01-29,0.095
2015-01-28,0.077
2015-01-27,0.103
2015-01-26,0.103
2015-01-23,0.113
2015-01-22,0.094
2015-01-21,0.107
2015-01-20,0.126
2015-01-16,0.159
2015-01-15,0.181
2015-01-14,0.153
2015-01-13,0.142
2015-01-12,0.136
2015-01-09,0.131
2015-01-08,0.135
2015-01-07,0.127
2015-01-06,0.115
2015-01-05,0.135
2015-01-02,0.174
2014-12-31,0.249
2014-12-30,0.14
2014-12-29,0.146
2014-12-26,0.149
2014-12-24,0.135
2014-12-23,0.137
2014-12-22,0.165
2014-12-19,0.184
2014-12-18,0.204
2014-12-17,0.19
2014-12-16,0.187
2014-12-15,0.201
2014-12-12,0.18
2014-12-11,0.189
2014-12-10,0.158
2014-12-09,0.158
2014-12-08,0.173
2014-12-05,0.196
2014-12-04,0.202
2014-12-03,0.175
2014-12-02,0.196
2014-12-01,0.215
2014-11-28,0.221
2014-11-26,0.141
2014-11-25,0.128
2014-11-24,0.135
2014-11-21,0.111
2014-11-20,0.129
2014-11-19,0.123
2014-11-18,0.129
2014-11-17,0.168
2014-11-14,0.147
2014-11-13,0.142
2014-11-12,0.125
2014-11-10,0.121
2014-11-07,0.11
2014-11-06,0.116
2014-11-05,0.11
2014-11-04,0.12
2014-11-03,0.149
2014-10-31,0.198
2014-10-30,0.139
2014-10-29,0.113
2014-10-28,0.108
2014-10-27,0.136
2014-10-24,0.154
2014-10-23,0.119
2014-10-22,0.111
2014-10-21,0.127
2014-10-20,0.125
2014-10-17,0.179
2014-10-16,0.189
2014-10-15,0.149
2014-10-14,0.112
2014-10-10,0.102
2014-10-09,0.098
2014-10-08,0.078
2014-10-07,0.084
2014-10-06,0.086
2014-10-03,0.078
2014-10-02,0.079
2014-10-01,0.068
2014-09-30,0.018
2014-09-29,0.045
2014-09-26,0.061
2014-09-25,0.059
2014-09-24,0.058
2014-09-23,0.05
2014-09-22,0.047
2014-09-19,0.059
2014-09-18,0.063
2014-09-17,0.066
2014-09-16,0.074
2014-09-15,0.104
2014-09-12,0.096
2014-09-11,0.066
2014-09-10,0.065
2014-09-09,0.067
2014-09-08,0.084
2014-09-05,0.093
2014-09-04,0.11
2014-09-03,0.096
2014-09-02,0.099
2014-08-29,0.084
2014-08-28,0.06
2014-08-27,0.056
2014-08-26,0.062
2014-08-25,0.084
2014-08-22,0.091
2014-08-21,0.072
2014-08-20,0.07
2014-08-19,0.08
2014-08-18,0.102
2014-08-15,0.119
2014-08-14,0.091
2014-08-13,0.07
2014-08-12,0.076
2014-08-11,0.083
2014-08-08,0.077
2014-08-07,0.087
2014-08-06,0.077
2014-08-05,0.081
2014-08-04,0.093
2014-08-01,0.114
2014-07-31,0.144
2014-07-30,0.088
2014-07-29,0.089
2014-07-28,0.094
2014-07-25,0.109
2014-07-24,0.114
2014-07-23,0.074
2014-07-22,0.073
2014-07-21,0.083
2014-07-18,0.089
2014-07-17,0.107
2014-07-16,0.103
2014-07-15,0.121
2014-07-14,0.09
2014-07-11,0.09
2014-07-10,0.088
2014-07-09,0.078
2014-07-08,0.078
2014-07-07,0.086
2014-07-03,0.097
2014-07-02,0.089
2014-07-01,0.123
2014-06-30,0.155
2014-06-27,0.163
2014-06-26,0.149
2014-06-25,0.124
2014-06-24,0.115
2014-06-23,0.083
2014-06-20,0.087
2014-06-19,0.094
2014-06-18,0.103
2014-06-17,0.115
2014-06-16,0.134
2014-06-13,0.121
2014-06-12,0.124
2014-06-11,0.131
2014-06-10,0.113
2014-06-09,0.115
2014-06-06,0.104
2014-06-05,0.118
2014-06-04,0.096
2014-06-03,0.107
2014-06-02,0.117
2014-05-30,0.111
2014-05-29,0.105
2014-05-28,0.08
2014-05-27,0.074
2014-05-23,0.071
2014-05-22,0.059
2014-05-21,0.056
2014-05-20,0.056
2014-05-19,0.058
2014-05-16,0.06
2014-05-15,0.062
2014-05-14,0.054
2014-05-13,0.054
2014-05-12,0.055
2014-05-09,0.057
2014-05-08,0.062
2014-05-07,0.055
2014-05-06,0.056
2014-05-05,0.058
2014-05-02,0.06
2014-05-01,0.057
2014-04-30,0.062
2014-04-29,0.05
2014-04-28,0.051
2014-04-25,0.056
2014-04-24,0.059
2014-04-23,0.061
2014-04-22,0.054
2014-04-21,0.058
2014-04-17,0.066
2014-04-16,0.075
2014-04-15,0.084
2014-04-14,0.068
2014-04-11,0.067
2014-04-10,0.067
2014-04-09,0.067
2014-04-08,0.066
2014-04-07,0.07
2014-04-04,0.07
2014-04-03,0.072
2014-04-02,0.069
2014-04-01,0.067
2014-03-31,0.099
2014-03-28,0.061
2014-03-27,0.064
2014-03-26,0.058
2014-03-25,0.068
2014-03-24,0.073
2014-03-21,0.066
2014-03-20,0.071
2014-03-19,0.069
2014-03-18,0.082
2014-03-17,0.108
2014-03-14,0.072
2014-03-13,0.078
2014-03-12,0.067
2014-03-11,0.075
2014-03-10,0.084
2014-03-07,0.093
2014-03-06,0.102
2014-03-05,0.09
2014-03-04,0.086
2014-03-03,0.089
2014-02-28,0.096
2014-02-27,0.054
2014-02-26,0.048
2014-02-25,0.041
2014-02-24,0.04
2014-02-21,0.039
2014-02-20,0.047
2014-02-19,0.049
2014-02-18,0.055
2014-02-14,0.037
2014-02-13,0.038
2014-02-12,0.039
2014-02-11,0.051
2014-02-10,0.034
2014-02-07,0.035
2014-02-06,0.036
2014-02-05,0.034
2014-02-04,0.037
2014-02-03,0.039
2014-01-31,0.053
2014-01-30,0.034
2014-01-29,0.022
2014-01-28,0.021
2014-01-27,0.025
2014-01-24,0.029
2014-01-23,0.023
2014-01-22,0.026
2014-01-21,0.028
2014-01-17,0.029
2014-01-16,0.032
2014-01-15,0.038
2014-01-14,0.037
2014-01-13,0.035
2014-01-10,0.036
2014-01-09,0.036
2014-01-08,0.039
2014-01-07,0.041
2014-01-06,0.037
2014-01-03,0.063
2014-01-02,0.051
2013-12-31,0.01
2013-12-30,0.017
2013-12-27,0.032
2013-12-26,0.045
2013-12-24,0.045
2013-12-23,0.046
2013-12-20,0.062
2013-12-19,0.079
2013-12-18,0.087
2013-12-17,0.092
2013-12-16,0.103
2013-12-13,0.06
2013-12-12,0.05
2013-12-11,0.047
2013-12-10,0.066
2013-12-09,0.076
2013-12-06,0.085
2013-12-05,0.09
2013-12-04,0.083
2013-12-03,0.102
2013-12-02,0.132
2013-11-29,0.11
2013-11-27,0.099
2013-11-26,0.094
2013-11-25,0.101
2013-11-22,0.104
2013-11-21,0.097
2013-11-20,0.08
2013-11-19,0.09
2013-11-18,0.098
2013-11-15,0.138
2013-11-14,0.127
2013-11-13,0.083
2013-11-12,0.09
2013-11-08,0.097
2013-11-07,0.111
2013-11-06,0.065
2013-11-05,0.069
2013-11-04,0.077
2013-11-01,0.092
2013-10-31,0.13
2013-10-30,0.08
2013-10-29,0.098
2013-10-28,0.101
2013-10-25,0.108
2013-10-24,0.086
2013-10-23,0.045
2013-10-22,0.042
2013-10-21,0.064
2013-10-18,0.135
2013-10-17,0.187
2013-10-16,0.255
2013-10-15,0.219
2013-10-11,0.176
2013-10-10,0.23
2013-10-09,0.14
2013-10-08,0.088
2013-10-07,0.077
2013-10-04,0.089
2013-10-03,0.078
2013-10-02,0.071
2013-10-01,0.072
2013-09-30,0.101
2013-09-27,0.043
2013-09-26,0.053
2013-09-25,0.061
2013-09-24,0.049
2013-09-23,0.05
2013-09-20,0.051
2013-09-19,0.052
2013-09-18,0.054
2013-09-17,0.071
2013-09-16,0.085
2013-09-13,0.073
2013-09-12,0.07
2013-09-11,0.062
2013-09-10,0.051
2013-09-09,0.059
2013-09-06,0.074
2013-09-05,0.075
2013-09-04,0.08
2013-09-03,0.101
2013-08-30,0.07
2013-08-29,0.059
2013-08-28,0.03
2013-08-27,0.023
2013-08-26,0.035
2013-08-23,0.042
2013-08-22,0.022
2013-08-21,0.017
2013-08-20,0.029
2013-08-19,0.042
2013-08-16,0.052
2013-08-15,0.084
2013-08-14,0.046
2013-08-13,0.058
2013-08-12,0.063
2013-08-09,0.061
2013-08-08,0.063
2013-08-07,0.059
2013-08-06,0.082
2013-08-05,0.098
2013-08-02,0.09
2013-08-01,0.075
2013-07-31,0.096
2013-07-30,0.043
2013-07-29,0.04
2013-07-26,0.035
2013-07-25,0.046
2013-07-24,0.047
2013-07-23,0.02
2013-07-22,0.028
2013-07-19,0.033
2013-07-18,0.032
2013-07-17,0.025
2013-07-16,0.024
2013-07-15,0.073
2013-07-12,0.052
2013-07-11,0.036
2013-07-10,0.036
2013-07-09,0.039
2013-07-08,0.057
2013-07-05,0.106
2013-07-03,0.096
2013-07-02,0.089
2013-07-01,0.113
2013-06-28,0.142
2013-06-27,0.07
2013-06-26,0.027
2013-06-25,0.035
2013-06-24,0.071
2013-06-21,0.055
2013-06-20,0.053
2013-06-19,0.068
2013-06-18,0.106
2013-06-17,0.118
2013-06-14,0.079
2013-06-13,0.055
2013-06-12,0.055
2013-06-11,0.053
2013-06-10,0.057
2013-06-07,0.068
2013-06-06,0.086
2013-06-05,0.072
2013-06-04,0.119
2013-06-03,0.111
2013-05-31,0.123
2013-05-30,0.022
2013-05-29,0.016
2013-05-28,0.036
2013-05-24,0.06
2013-05-23,0.041
2013-05-22,0.018
2013-05-21,0.022
2013-05-20,0.05
2013-05-17,0.062
2013-05-16,0.075
2013-05-15,0.112
2013-05-14,0.077
2013-05-13,0.085
2013-05-10,0.104
2013-05-09,0.102
2013-05-08,0.101
2013-05-07,0.107
2013-05-06,0.131
2013-05-03,0.153
2013-05-02,0.188
2013-05-01,0.194
2013-04-30,0.213
2013-04-29,0.102
2013-04-26,0.098
2013-04-25,0.114
2013-04-24,0.115
2013-04-23,0.072
2013-04-22,0.113
2013-04-19,0.152
2013-04-18,0.165
2013-04-17,0.18
2013-04-16,0.196
2013-04-15,0.194
2013-04-12,0.201
2013-04-11,0.216
2013-04-10,0.202
2013-04-09,0.192
2013-04-08,0.18
2013-04-05,0.191
2013-04-04,0.193
2013-04-03,0.138
2013-04-02,0.179
2013-04-01,0.244
2013-03-28,0.268
2013-03-27,0.143
2013-03-26,0.12
2013-03-25,0.155
2013-03-22,0.165
2013-03-21,0.143
2013-03-20,0.16
2013-03-19,0.161
2013-03-18,0.162
2013-03-15,0.211
2013-03-14,0.169
2013-03-13,0.111
2013-03-12,0.143
2013-03-11,0.174
2013-03-08,0.199
2013-03-07,0.198
2013-03-06,0.189
2013-03-05,0.168
2013-03-04,0.198
2013-03-01,0.219
2013-02-28,0.239
2013-02-27,0.121
2013-02-26,0.107
2013-02-25,0.144
2013-02-22,0.193
2013-02-21,0.194
2013-02-20,0.188
2013-02-19,0.158
2013-02-15,0.2
2013-02-14,0.171
2013-02-13,0.141
2013-02-12,0.097
2013-02-11,0.094
2013-02-08,0.134
2013-02-07,0.115
2013-02-06,0.077
2013-02-05,0.081
2013-02-04,0.117
2013-02-01,0.148
2013-01-31,0.195
2013-01-30,0.092
2013-01-29,0.051
2013-01-28,0.082
2013-01-25,0.154
2013-01-24,0.172
2013-01-23,0.085
2013-01-22,0.08
2013-01-18,0.099
2013-01-17,0.118
2013-01-16,0.148
2013-01-15,0.193
2013-01-14,0.178
2013-01-11,0.148
2013-01-10,0.131
2013-01-09,0.123
2013-01-08,0.141
2013-01-07,0.153
2013-01-04,0.172
2013-01-03,0.184
2013-01-02,0.231
2012-12-31,0.29
2012-12-28,0.221
2012-12-27,0.216
2012-12-26,0.222
2012-12-24,0.256
2012-12-21,0.223
2012-12-20,0.233
2012-12-19,0.23
2012-12-18,0.238
2012-12-17,0.262
2012-12-14,0.255
2012-12-13,0.23
2012-12-12,0.224
2012-12-11,0.251
2012-12-10,0.229
2012-12-07,0.26
2012-12-06,0.281
2012-12-05,0.266
2012-12-04,0.264
2012-12-03,0.257
2012-11-30,0.275
2012-11-29,0.212
2012-11-28,0.191
2012-11-27,0.209
2012-11-26,0.247
2012-11-23,0.288
2012-11-21,0.229
2012-11-20,0.208
2012-11-19,0.194
2012-11-16,0.224
2012-11-15,0.26
2012-11-14,0.252
2012-11-13,0.246
2012-11-09,0.249
2012-11-08,0.247
2012-11-07,0.195
2012-11-06,0.209
2012-11-05,0.226
2012-11-02,0.25
2012-11-01,0.301
2012-10-31,0.4
2012-10-29,0.526
2012-10-26,0.221
2012-10-25,0.261
2012-10-24,0.237
2012-10-23,0.192
2012-10-22,0.208
2012-10-19,0.239
2012-10-18,0.263
2012-10-17,0.262
2012-10-16,0.273
2012-10-15,0.297
2012-10-12,0.276
2012-10-11,0.278
2012-10-10,0.262
2012-10-09,0.264
2012-10-05,0.277
2012-10-04,0.281
2012-10-03,0.28
2012-10-02,0.3
2012-10-01,0.306
2012-09-28,0.338
2012-09-27,0.236
2012-09-26,0.247
2012-09-25,0.264
2012-09-24,0.26
2012-09-21,0.249
2012-09-20,0.25
2012-09-19,0.249
2012-09-18,0.25
2012-09-17,0.263
2012-09-14,0.304
2012-09-13,0.289
2012-09-12,0.261
2012-09-11,0.263
2012-09-10,0.254
2012-09-07,0.257
2012-09-06,0.27
2012-09-05,0.246
2012-09-04,0.25
2012-08-31,0.263
2012-08-30,0.19
2012-08-29,0.151
2012-08-28,0.162
2012-08-27,0.192
2012-08-24,0.213
2012-08-23,0.204
2012-08-22,0.165
2012-08-21,0.162
2012-08-20,0.169
2012-08-17,0.175
2012-08-16,0.199
2012-08-15,0.218
2012-08-14,0.17
2012-08-13,0.171
2012-08-10,0.192
2012-08-09,0.224
2012-08-08,0.209
2012-08-07,0.187
2012-08-06,0.19
2012-08-03,0.208
2012-08-02,0.225
2012-08-01,0.211
2012-07-31,0.238
2012-07-30,0.157
2012-07-27,0.172
2012-07-26,0.182
2012-07-25,0.205
2012-07-24,0.208
2012-07-23,0.14
2012-07-20,0.146
2012-07-19,0.12
2012-07-18,0.143
2012-07-17,0.204
2012-07-16,0.237
2012-07-13,0.207
2012-07-12,0.226
2012-07-11,0.199
2012-07-10,0.194
2012-07-09,0.185
2012-07-06,0.224
2012-07-05,0.25
2012-07-03,0.261
2012-07-02,0.297
2012-06-29,0.278
2012-06-28,0.22
2012-06-27,0.187
2012-06-26,0.177
2012-06-25,0.226
2012-06-22,0.256
2012-06-21,0.203
2012-06-20,0.168
2012-06-19,0.173
2012-06-18,0.223
2012-06-15,0.275
2012-06-14,0.26
2012-06-13,0.261
2012-06-12,0.239
2012-06-11,0.218
2012-06-08,0.214
2012-06-07,0.191
2012-06-06,0.185
2012-06-05,0.217
2012-06-04,0.235
2012-06-01,0.244
2012-05-31,0.274
2012-05-30,0.174
2012-05-29,0.179
2012-05-25,0.206
2012-05-24,0.193
2012-05-23,0.149
2012-05-22,0.184
2012-05-21,0.202
2012-05-18,0.209
2012-05-17,0.233
2012-05-16,0.223
2012-05-15,0.253
2012-05-14,0.242
2012-05-11,0.2
2012-05-10,0.198
2012-05-09,0.183
2012-05-08,0.19
2012-05-07,0.197
2012-05-04,0.2
2012-05-03,0.196
2012-05-02,0.182
2012-05-01,0.21
2012-04-30,0.238
2012-04-27,0.149
2012-04-26,0.157
2012-04-25,0.188
2012-04-24,0.179
2012-04-23,0.118
2012-04-20,0.117
2012-04-19,0.127
2012-04-18,0.167
2012-04-17,0.188
2012-04-16,0.226
2012-04-13,0.191
2012-04-12,0.212
2012-04-11,0.193
2012-04-10,0.207
2012-04-09,0.231
2012-04-05,0.259
2012-04-04,0.227
2012-04-03,0.209
2012-04-02,0.224
2012-03-30,0.128
2012-03-29,0.157
2012-03-28,0.16
2012-03-27,0.177
2012-03-26,0.214
2012-03-23,0.192
2012-03-22,0.152
2012-03-21,0.155
2012-03-20,0.188
2012-03-19,0.205
2012-03-16,0.228
2012-03-15,0.258
2012-03-14,0.186
2012-03-13,0.187
2012-03-12,0.2
2012-03-09,0.2
2012-03-08,0.204
2012-03-07,0.163
2012-03-06,0.18
2012-03-05,0.186
2012-03-02,0.191
2012-03-01,0.2
2012-02-29,0.191
2012-02-28,0.131
2012-02-27,0.171
2012-02-24,0.158
2012-02-23,0.131
2012-02-22,0.084
2012-02-21,0.084
2012-02-17,0.102
2012-02-16,0.131
2012-02-15,0.162
2012-02-14,0.139
2012-02-13,0.169
2012-02-10,0.182
2012-02-09,0.164
2012-02-08,0.108
2012-02-07,0.116
2012-02-06,0.132
2012-02-03,0.162
2012-02-02,0.183
2012-02-01,0.2
2012-01-31,0.241
2012-01-30,0.131
2012-01-27,0.116
2012-01-26,0.117
2012-01-25,0.117
2012-01-24,0.127
2012-01-23,0.147
2012-01-20,0.188
2012-01-19,0.19
2012-01-18,0.186
2012-01-17,0.218
2012-01-13,0.173
2012-01-12,0.13
2012-01-11,0.082
2012-01-10,0.071
2012-01-09,0.081
2012-01-06,0.083
2012-01-05,0.068
2012-01-04,0.065
2012-01-03,0.127
2011-12-30,-0.001
2011-12-29,0.098
2011-12-28,0.052
2011-12-27,0.076
2011-12-23,0.082
2011-12-22,0.036
2011-12-21,0.038
2011-12-20,0.096
2011-12-19,0.096
2011-12-16,0.128
2011-12-15,0.143
2011-12-14,0.066
2011-12-13,0.083
2011-12-12,0.093
2011-12-09,0.086
2011-12-08,0.076
2011-12-07,0.065
2011-12-06,0.085
2011-12-05,0.092
2011-12-02,0.093
2011-12-01,0.103
2011-11-30,0.13
2011-11-29,0.084
2011-11-28,0.125
2011-11-25,0.156
2011-11-23,0.13
2011-11-22,0.133
2011-11-21,0.113
2011-11-18,0.114
2011-11-17,0.101
2011-11-16,0.112
2011-11-15,0.169
2011-11-14,0.135
2011-11-10,0.099
2011-11-09,0.086
2011-11-08,0.078
2011-11-07,0.071
2011-11-04,0.063
2011-11-03,0.102
2011-11-02,0.14
2011-11-01,0.134
2011-10-31,0.138
2011-10-28,0.062
2011-10-27,0.066
2011-10-26,0.063
2011-10-25,0.094
2011-10-24,0.071
2011-10-21,0.063
2011-10-20,0.063
2011-10-19,0.068
2011-10-18,0.121
2011-10-17,0.171
2011-10-14,0.129
2011-10-13,0.103
2011-10-12,0.066
2011-10-11,0.077
2011-10-07,0.083
2011-10-06,0.087
2011-10-05,0.079
2011-10-04,0.081
2011-10-03,0.114
2011-09-30,0.12
2011-09-29,0.034
2011-09-28,0.063
2011-09-27,0.096
2011-09-26,0.139
2011-09-23,0.117
2011-09-22,0.096
2011-09-21,0.104
2011-09-20,0.129
2011-09-19,0.107
2011-09-16,0.11
2011-09-15,0.138
2011-09-14,0.082
2011-09-13,0.081
2011-09-12,0.065
2011-09-09,0.062
2011-09-08,0.078
2011-09-07,0.083
2011-09-06,0.114
2011-09-02,0.095
2011-09-01,0.106
2011-08-31,0.097
2011-08-30,0.039
2011-08-29,0.057
2011-08-26,0.048
2011-08-25,0.046
2011-08-24,0.02
2011-08-23,0.018
2011-08-22,0.039
2011-08-19,0.055
2011-08-18,0.059
2011-08-17,0.04
2011-08-16,0.048
2011-08-15,0.103
2011-08-12,0.113
2011-08-11,0.071
2011-08-10,0.038
2011-08-09,0.033
2011-08-08,0.066
2011-08-05,0.043
2011-08-04,0.065
2011-08-03,0.096
2011-08-02,0.228
2011-08-01,0.277
2011-07-29,0.208
2011-07-28,0.132
2011-07-27,0.09
2011-07-26,0.049
2011-07-25,0.022
2011-07-22,0.018
2011-07-21,0.027
2011-07-20,0.02
2011-07-19,0.007
2011-07-18,0.014
2011-07-15,0.025
2011-07-14,-0.002
2011-07-13,0.003
2011-07-12,0.008
2011-07-11,0.01
2011-07-08,0.009
2011-07-07,0.019
2011-07-06,0.009
2011-07-05,-0.003
2011-07-01,0.033
2011-06-30,0.003
2011-06-29,-0.005
2011-06-28,0.007
2011-06-27,0.015
2011-06-24,0.012
2011-06-23,0.009
2011-06-22,0.023
2011-06-21,0.061
2011-06-20,0.069
2011-06-17,0.088
2011-06-16,0.111
2011-06-15,0.117
2011-06-14,0.073
2011-06-13,0.072
2011-06-10,0.059
2011-06-09,0.054
2011-06-08,0.05
2011-06-07,0.067
2011-06-06,0.08
2011-06-03,0.1
2011-06-02,0.111
2011-06-01,0.118
2011-05-31,0.137
2011-05-27,0.071
2011-05-26,0.081
2011-05-25,0.075
2011-05-24,0.074
2011-05-23,0.082
2011-05-20,0.082
2011-05-19,0.087
2011-05-18,0.099
2011-05-17,0.105
2011-05-16,0.113
2011-05-13,0.076
2011-05-12,0.064
2011-05-11,0.024
2011-05-10,0.033
2011-05-09,0.041
2011-05-06,0.043
2011-05-05,0.023
2011-05-04,0.025
2011-05-03,0.03
2011-05-02,0.059
2011-04-29,0.034
2011-04-28,0.02
2011-04-27,0.027
2011-04-26,0.05
2011-04-25,0.068
2011-04-21,0.09
2011-04-20,0.079
2011-04-19,0.081
2011-04-18,0.091
2011-04-15,0.153
2011-04-14,0.111
2011-04-13,0.059
2011-04-12,0.019
2011-04-11,0.041
2011-04-08,0.056
2011-04-07,0.083
2011-04-06,0.079
2011-04-05,0.045
2011-04-04,0.028
2011-04-01,0.101
2011-03-31,0.147
2011-03-30,0.112
2011-03-29,0.099
2011-03-28,0.116
2011-03-25,0.112
2011-03-24,0.117
2011-03-23,0.125
2011-03-22,0.156
2011-03-21,0.153
2011-03-18,0.165
2011-03-17,0.175
2011-03-16,0.15
2011-03-15,0.159
2011-03-14,0.139
2011-03-11,0.136
2011-03-10,0.123
2011-03-09,0.124
2011-03-08,0.136
2011-03-07,0.138
2011-03-04,0.14
2011-03-03,0.153
2011-03-02,0.141
2011-03-01,0.159
2011-02-28,0.189
2011-02-25,0.169
2011-02-24,0.135
2011-02-23,0.131
2011-02-22,0.137
2011-02-18,0.146
2011-02-17,0.142
2011-02-16,0.139
2011-02-15,0.176
2011-02-14,0.141
2011-02-11,0.141
2011-02-10,0.14
2011-02-09,0.14
2011-02-08,0.144
2011-02-07,0.153
2011-02-04,0.158
2011-02-03,0.17
2011-02-02,0.206
2011-02-01,0.227
2011-01-31,0.253
2011-01-28,0.17
2011-01-27,0.177
2011-01-26,0.162
2011-01-25,0.164
2011-01-24,0.165
2011-01-21,0.178
2011-01-20,0.211
2011-01-19,0.219
2011-01-18,0.241
2011-01-14,0.201
2011-01-13,0.164
2011-01-12,0.152
2011-01-11,0.153
2011-01-10,0.165
2011-01-07,0.168
2011-01-06,0.175
2011-01-05,0.164
2011-01-04,0.189
2011-01-03,0.223
2010-12-31,0.234
2010-12-30,0.173
2010-12-29,0.16
2010-12-28,0.171
2010-12-27,0.223
2010-12-23,0.176
2010-12-22,0.175
2010-12-21,0.207
2010-12-20,0.224
2010-12-17,0.242
2010-12-16,0.246
2010-12-15,0.264
2010-12-14,0.235
2010-12-13,0.191
2010-12-10,0.166
2010-12-09,0.169
2010-12-08,0.161
2010-12-07,0.154
2010-12-06,0.169
2010-12-03,0.182
2010-12-02,0.22
2010-12-01,0.236
2010-11-30,0.268
2010-11-29,0.234
2010-11-26,0.258
2010-11-24,0.238
2010-11-23,0.224
2010-11-22,0.224
2010-11-19,0.241
2010-11-18,0.261
2010-11-17,0.243
2010-11-16,0.257
2010-11-15,0.289
2010-11-12,0.235
2010-11-10,0.198
2010-11-09,0.186
2010-11-08,0.194
2010-11-05,0.209
2010-11-04,0.221
2010-11-03,0.218
2010-11-02,0.241
2010-11-01,0.268
2010-10-29,0.22
2010-10-28,0.214
2010-10-27,0.198
2010-10-26,0.213
2010-10-25,0.218
2010-10-22,0.23
2010-10-21,0.234
2010-10-20,0.214
2010-10-19,0.23
2010-10-18,0.251
2010-10-15,0.278
2010-10-14,0.234
2010-10-13,0.221
2010-10-12,0.212
2010-10-08,0.203
2010-10-07,0.225
2010-10-06,0.224
2010-10-05,0.221
2010-10-04,0.224
2010-10-01,0.254
2010-09-30,0.293
2010-09-29,0.223
2010-09-28,0.245
2010-09-27,0.247
2010-09-24,0.24
2010-09-23,0.247
2010-09-22,0.231
2010-09-21,0.237
2010-09-20,0.248
2010-09-17,0.26
2010-09-16,0.297
2010-09-15,0.311
2010-09-14,0.257
2010-09-13,0.219
2010-09-10,0.216
2010-09-09,0.208
2010-09-08,0.2
2010-09-07,0.213
2010-09-03,0.221
2010-09-02,0.226
2010-09-01,0.219
2010-08-31,0.251
2010-08-30,0.211
2010-08-27,0.221
2010-08-26,0.238
2010-08-25,0.221
2010-08-24,0.211
2010-08-23,0.215
2010-08-20,0.218
2010-08-19,0.216
2010-08-18,0.218
2010-08-17,0.246
2010-08-16,0.28
2010-08-13,0.239
2010-08-12,0.214
2010-08-11,0.192
2010-08-10,0.203
2010-08-09,0.214
2010-08-06,0.23
2010-08-05,0.243
2010-08-04,0.236
2010-08-03,0.241
2010-08-02,0.266
2010-07-30,0.217
2010-07-29,0.221
2010-07-28,0.203
2010-07-27,0.211
2010-07-26,0.218
2010-07-23,0.223
2010-07-22,0.22
2010-07-21,0.212
2010-07-20,0.227
2010-07-19,0.24
2010-07-16,0.253
2010-07-15,0.258
2010-07-14,0.206
2010-07-13,0.188
2010-07-12,0.206
2010-07-09,0.216
2010-07-08,0.211
2010-07-07,0.223
2010-07-06,0.236
2010-07-02,0.245
2010-07-01,0.25
2010-06-30,0.186
2010-06-29,0.178
2010-06-28,0.182
2010-06-25,0.18
2010-06-24,0.174
2010-06-23,0.18
2010-06-22,0.197
2010-06-21,0.198
2010-06-18,0.208
2010-06-17,0.208
2010-06-16,0.197
2010-06-15,0.213
2010-06-14,0.18
2010-06-11,0.178
2010-06-10,0.183
2010-06-09,0.188
2010-06-08,0.203
2010-06-07,0.216
2010-06-04,0.227
2010-06-03,0.239
2010-06-02,0.227
2010-06-01,0.243
2010-05-28,0.213
2010-05-27,0.223
2010-05-26,0.21
2010-05-25,0.215
2010-05-24,0.229
2010-05-21,0.225
2010-05-20,0.234
2010-05-19,0.232
2010-05-18,0.241
2010-05-17,0.261
2010-05-14,0.225
2010-05-13,0.221
2010-05-12,0.211
2010-05-11,0.211
2010-05-10,0.203
2010-05-07,0.194
2010-05-06,0.199
2010-05-05,0.194
2010-05-04,0.203
2010-05-03,0.204
2010-04-30,0.209
2010-04-29,0.162
2010-04-28,0.163
2010-04-27,0.167
2010-04-26,0.184
2010-04-23,0.197
2010-04-22,0.196
2010-04-21,0.191
2010-04-20,0.2
2010-04-19,0.207
2010-04-16,0.23
2010-04-15,0.242
2010-04-14,0.201
2010-04-13,0.191
2010-04-12,0.192
2010-04-09,0.193
2010-04-08,0.204
2010-04-07,0.191
2010-04-06,0.19
2010-04-05,0.214
2010-04-01,0.205
2010-03-31,0.01
2010-03-30,0.15
2010-03-29,0.16
2010-03-26,0.166
2010-03-25,0.182
2010-03-24,0.169
2010-03-23,0.159
2010-03-22,0.177
2010-03-19,0.187
2010-03-18,0.198
2010-03-17,0.174
2010-03-16,0.19
2010-03-15,0.218
2010-03-12,0.154
2010-03-11,0.151
2010-03-10,0.129
2010-03-09,0.129
2010-03-08,0.159
2010-03-05,0.185
2010-03-04,0.181
2010-03-03,0.168
2010-03-02,0.158
2010-03-01,0.169
2010-02-26,0.122
2010-02-25,0.14
2010-02-24,0.086
2010-02-23,0.092
2010-02-22,0.119
2010-02-19,0.129
2010-02-18,0.132
2010-02-17,0.13
2010-02-16,0.142
2010-02-12,0.105
2010-02-11,0.115
2010-02-10,0.11
2010-02-09,0.118
2010-02-08,0.121
2010-02-05,0.112
2010-02-04,0.133
2010-02-03,0.142
2010-02-02,0.138
2010-02-01,0.172
2010-01-29,0.115
2010-01-28,0.122
2010-01-27,0.127
2010-01-26,0.111
2010-01-25,0.121
2010-01-22,0.111
2010-01-21,0.131
2010-01-20,0.144
2010-01-19,0.147
2010-01-15,0.146
2010-01-14,0.084
2010-01-13,0.066
2010-01-12,0.049
2010-01-11,0.047
2010-01-08,0.054
2010-01-07,0.06
2010-01-06,0.074
2010-01-05,0.096
2010-01-04,0.116
2009-12-31,-0.193
2009-12-30,0.008
2009-12-29,0.062
2009-12-28,0.083
2009-12-24,0.086
2009-12-23,0.083
2009-12-22,0.125
2009-12-21,0.148
2009-12-18,0.157
2009-12-17,0.145
2009-12-16,0.164
2009-12-15,0.169
2009-12-14,0.144
2009-12-11,0.148
2009-12-10,0.153
2009-12-09,0.125
2009-12-08,0.12
2009-12-07,0.12
2009-12-04,0.164
2009-12-03,0.16
2009-12-02,0.146
2009-12-01,0.169
2009-11-30,0.187
2009-11-27,0.143
2009-11-25,0.128
2009-11-24,0.109
2009-11-23,0.109
2009-11-20,0.113
2009-11-19,0.094
2009-11-18,0.07
2009-11-17,0.075
2009-11-16,0.098
2009-11-13,0.069
2009-11-12,0.082
2009-11-10,0.094
2009-11-09,0.124
2009-11-06,0.13
2009-11-05,0.121
2009-11-04,0.112
2009-11-03,0.124
