Date,MOVE
12/08/2025,77.42
11/08/2025,81.76
08/08/2025,79.2
07/08/2025,80.15
06/08/2025,83.89
05/08/2025,89.2
04/08/2025,87.95
01/08/2025,83.83
31/07/2025,79.84
30/07/2025,81.88
29/07/2025,85.07
28/07/2025,83.73
25/07/2025,82.09
24/07/2025,82.75
23/07/2025,85.95
22/07/2025,89.89
21/07/2025,86.62
18/07/2025,83.29
17/07/2025,85.57
16/07/2025,89.52
15/07/2025,88.95
14/07/2025,90.73
11/07/2025,85.48
10/07/2025,81.58
09/07/2025,84.31
08/07/2025,88.05
07/07/2025,88.53
03/07/2025,86.09
02/07/2025,91.37
01/07/2025,93.48
30/06/2025,90.26
27/06/2025,87.93
26/06/2025,89.47
25/06/2025,91.24
24/06/2025,92.62
23/06/2025,95.03
20/06/2025,90.1
18/06/2025,93.64
17/06/2025,97.18
16/06/2025,93.48
13/06/2025,95.31
12/06/2025,88.99
11/06/2025,89.36
10/06/2025,91.22
09/06/2025,92.62
06/06/2025,89.65
05/06/2025,94.65
04/06/2025,96.98
03/06/2025,100.0
02/06/2025,95.76
30/05/2025,92.11
29/05/2025,92.67
28/05/2025,93.2
27/05/2025,97.93
23/05/2025,100.91
22/05/2025,99.47
21/05/2025,102.1
20/05/2025,101.37
19/05/2025,103.81
16/05/2025,96.7
15/05/2025,98.65
14/05/2025,100.73
13/05/2025,100.13
12/05/2025,102.9
09/05/2025,100.4
08/05/2025,98.66
07/05/2025,99.87
06/05/2025,106.18
05/05/2025,104.45
02/05/2025,101.4
01/05/2025,107.33
30/04/2025,112.48
29/04/2025,112.27
28/04/2025,110.01
25/04/2025,105.79
24/04/2025,108.28
23/04/2025,116.6
22/04/2025,118.35
21/04/2025,128.56
17/04/2025,114.64
16/04/2025,119.4
15/04/2025,122.56
14/04/2025,132.46
11/04/2025,137.26
10/04/2025,128.35
09/04/2025,128.83
08/04/2025,139.88
07/04/2025,137.3
04/04/2025,125.71
03/04/2025,112.0
02/04/2025,106.39
01/04/2025,104.73
31/03/2025,101.35
28/03/2025,96.83
27/03/2025,91.03
26/03/2025,91.41
25/03/2025,93.57
24/03/2025,95.22
21/03/2025,94.54
20/03/2025,95.74
19/03/2025,91.4
18/03/2025,96.68
17/03/2025,99.78
14/03/2025,101.01
13/03/2025,106.19
12/03/2025,104.11
11/03/2025,114.6
10/03/2025,112.5
07/03/2025,104.41
06/03/2025,108.95
05/03/2025,104.32
04/03/2025,108.87
03/03/2025,105.65
28/02/2025,104.46
27/02/2025,96.27
26/02/2025,97.52
25/02/2025,96.61
24/02/2025,88.44
21/02/2025,91.83
20/02/2025,86.26
19/02/2025,83.86
18/02/2025,84.51
14/02/2025,84.67
13/02/2025,84.57
12/02/2025,86.58
11/02/2025,85.58
10/02/2025,87.68
07/02/2025,93.13
06/02/2025,93.9
05/02/2025,94.68
04/02/2025,90.28
03/02/2025,94.15
31/01/2025,91.76
30/01/2025,90.54
29/01/2025,90.73
28/01/2025,92.83
27/01/2025,95.05
24/01/2025,86.75
23/01/2025,88.51
22/01/2025,89.9
21/01/2025,96.78
17/01/2025,95.6
16/01/2025,92.72
15/01/2025,93.1
14/01/2025,101.99
13/01/2025,103.51
10/01/2025,96.57
09/01/2025,99.73
08/01/2025,100.76
07/01/2025,102.78
06/01/2025,97.89
03/01/2025,93.35
02/01/2025,96.67
31/12/2024,98.8
30/12/2024,99.08
27/12/2024,94.8
26/12/2024,95.2
24/12/2024,96.95
23/12/2024,95.85
20/12/2024,91.75
19/12/2024,90.41
18/12/2024,87.21
17/12/2024,90.42
16/12/2024,90.88
13/12/2024,85.66
12/12/2024,82.66
11/12/2024,82.4
10/12/2024,90.1
09/12/2024,85.63
06/12/2024,83.2
05/12/2024,91.48
04/12/2024,92.25
03/12/2024,95.6
02/12/2024,97.81
29/11/2024,95.22
27/11/2024,97.74
26/11/2024,99.18
25/11/2024,99.96
22/11/2024,99.14
21/11/2024,101.9
20/11/2024,106.69
19/11/2024,105.12
18/11/2024,102.01
15/11/2024,102.47
14/11/2024,99.43
13/11/2024,102.08
12/11/2024,108.55
08/11/2024,99.85
07/11/2024,104.08
06/11/2024,117.64
05/11/2024,130.43
04/11/2024,136.25
01/11/2024,132.58
31/10/2024,135.18
30/10/2024,130.8
29/10/2024,131.87
28/10/2024,130.92
25/10/2024,128.4
24/10/2024,127.48
23/10/2024,129.05
22/10/2024,129.26
21/10/2024,128.95
18/10/2024,123.13
17/10/2024,122.14
16/10/2024,121.86
15/10/2024,127.23
11/10/2024,118.47
10/10/2024,116.56
09/10/2024,122.39
08/10/2024,123.77
07/10/2024,124.23
04/10/2024,100.15
03/10/2024,101.16
02/10/2024,102.17
01/10/2024,104.14
30/09/2024,94.61
27/09/2024,92.53
26/09/2024,90.14
25/09/2024,91.64
24/09/2024,93.3
23/09/2024,93.87
20/09/2024,91.0
19/09/2024,92.64
18/09/2024,98.61
17/09/2024,101.58
16/09/2024,101.22
13/09/2024,100.6
12/09/2024,98.03
11/09/2024,103.79
10/09/2024,108.36
09/09/2024,104.61
06/09/2024,107.24
05/09/2024,114.81
04/09/2024,119.15
03/09/2024,114.2
30/08/2024,107.77
29/08/2024,106.7
28/08/2024,108.76
27/08/2024,109.22
26/08/2024,106.66
23/08/2024,105.63
22/08/2024,108.5
21/08/2024,111.38
20/08/2024,111.57
19/08/2024,110.13
16/08/2024,102.81
15/08/2024,103.74
14/08/2024,106.34
13/08/2024,118.44
12/08/2024,118.26
09/08/2024,108.26
08/08/2024,110.42
07/08/2024,112.69
06/08/2024,119.24
05/08/2024,121.22
02/08/2024,112.26
01/08/2024,101.82
31/07/2024,99.41
30/07/2024,100.42
29/07/2024,98.65
26/07/2024,97.76
25/07/2024,99.08
24/07/2024,94.81
23/07/2024,95.04
22/07/2024,94.45
19/07/2024,94.29
18/07/2024,91.97
17/07/2024,91.0
16/07/2024,93.87
15/07/2024,94.5
12/07/2024,86.79
11/07/2024,89.67
10/07/2024,92.97
09/07/2024,95.62
08/07/2024,97.96
05/07/2024,98.78
03/07/2024,102.83
02/07/2024,107.51
01/07/2024,106.23
28/06/2024,98.59
27/06/2024,95.69
26/06/2024,97.91
25/06/2024,96.97
24/06/2024,95.2
21/06/2024,94.09
20/06/2024,94.14
18/06/2024,97.99
17/06/2024,99.07
14/06/2024,100.16
13/06/2024,91.93
12/06/2024,91.73
11/06/2024,97.27
10/06/2024,94.16
07/06/2024,91.82
06/06/2024,100.99
05/06/2024,102.43
04/06/2024,100.11
03/06/2024,93.92
31/05/2024,91.14
30/05/2024,91.09
29/05/2024,93.45
28/05/2024,89.67
24/05/2024,83.57
23/05/2024,86.15
22/05/2024,82.49
21/05/2024,85.34
20/05/2024,88.13
17/05/2024,89.35
16/05/2024,91.83
15/05/2024,93.78
14/05/2024,106.55
13/05/2024,105.35
10/05/2024,94.23
09/05/2024,93.85
08/05/2024,95.58
07/05/2024,98.04
06/05/2024,94.5
03/05/2024,95.96
02/05/2024,100.7
01/05/2024,100.64
30/04/2024,107.46
29/04/2024,105.42
26/04/2024,104.4
25/04/2024,108.55
24/04/2024,110.21
23/04/2024,106.85
22/04/2024,108.56
19/04/2024,111.26
18/04/2024,108.66
17/04/2024,113.29
16/04/2024,119.59
15/04/2024,121.15
12/04/2024,112.82
11/04/2024,108.86
10/04/2024,109.59
09/04/2024,98.73
08/04/2024,99.37
05/04/2024,94.31
04/04/2024,96.13
03/04/2024,97.88
02/04/2024,96.57
01/04/2024,94.2
28/03/2024,86.38
27/03/2024,86.28
26/03/2024,90.63
25/03/2024,92.24
22/03/2024,91.04
21/03/2024,90.82
20/03/2024,92.72
19/03/2024,99.99
18/03/2024,102.87
15/03/2024,97.82
14/03/2024,98.67
13/03/2024,97.03
12/03/2024,101.36
11/03/2024,106.63
08/03/2024,100.88
07/03/2024,105.45
06/03/2024,105.33
05/03/2024,110.33
04/03/2024,109.57
01/03/2024,106.48
29/02/2024,109.1
28/02/2024,108.71
27/02/2024,110.8
26/02/2024,110.77
23/02/2024,108.31
22/02/2024,115.59
21/02/2024,114.27
20/02/2024,111.02
16/02/2024,109.2
15/02/2024,112.09
14/02/2024,111.97
13/02/2024,113.22
12/02/2024,109.78
09/02/2024,106.21
08/02/2024,108.6
07/02/2024,107.86
06/02/2024,110.6
05/02/2024,108.68
02/02/2024,106.72
01/02/2024,113.92
31/01/2024,107.28
30/01/2024,104.26
29/01/2024,106.34
26/01/2024,100.23
25/01/2024,105.89
24/01/2024,105.78
23/01/2024,107.7
22/01/2024,106.87
19/01/2024,104.97
18/01/2024,107.22
17/01/2024,105.86
16/01/2024,113.44
12/01/2024,106.51
11/01/2024,103.45
10/01/2024,109.63
09/01/2024,114.92
08/01/2024,117.72
05/01/2024,116.19
04/01/2024,121.12
03/01/2024,124.57
02/01/2024,127.02
29/12/2023,114.62
28/12/2023,113.78
27/12/2023,114.53
26/12/2023,116.0
22/12/2023,111.38
21/12/2023,111.93
20/12/2023,111.87
19/12/2023,115.03
18/12/2023,118.46
15/12/2023,115.75
14/12/2023,118.04
13/12/2023,113.77
12/12/2023,118.62
11/12/2023,126.66
08/12/2023,121.65
07/12/2023,129.74
06/12/2023,124.98
05/12/2023,127.2
04/12/2023,118.25
01/12/2023,111.51
30/11/2023,115.32
29/11/2023,114.59
28/11/2023,110.06
27/11/2023,109.31
24/11/2023,107.43
22/11/2023,111.57
21/11/2023,112.79
20/11/2023,115.09
17/11/2023,113.11
16/11/2023,116.08
15/11/2023,122.19
14/11/2023,124.11
13/11/2023,124.47
10/11/2023,116.79
09/11/2023,117.05
08/11/2023,117.1
07/11/2023,120.09
06/11/2023,121.74
03/11/2023,118.74
02/11/2023,118.64
01/11/2023,120.55
31/10/2023,126.86
30/10/2023,131.9
27/10/2023,129.16
26/10/2023,130.94
25/10/2023,131.21
24/10/2023,128.13
23/10/2023,131.83
20/10/2023,135.45
19/10/2023,134.62
18/10/2023,129.17
17/10/2023,130.17
16/10/2023,130.16
13/10/2023,128.33
12/10/2023,126.37
11/10/2023,127.18
10/10/2023,136.17
06/10/2023,126.64
05/10/2023,130.18
04/10/2023,128.23
03/10/2023,141.67
02/10/2023,127.59
29/09/2023,113.55
28/09/2023,115.24
27/09/2023,122.09
26/09/2023,117.72
25/09/2023,117.33
22/09/2023,101.11
21/09/2023,106.0
20/09/2023,97.04
19/09/2023,101.31
18/09/2023,99.32
15/09/2023,96.61
14/09/2023,97.11
13/09/2023,101.86
12/09/2023,105.11
11/09/2023,107.23
08/09/2023,104.34
07/09/2023,105.2
06/09/2023,111.31
05/09/2023,109.64
01/09/2023,102.92
31/08/2023,107.93
30/08/2023,109.84
29/08/2023,110.68
28/08/2023,110.45
25/08/2023,110.37
24/08/2023,117.56
23/08/2023,118.4
22/08/2023,126.65
21/08/2023,130.69
18/08/2023,120.51
17/08/2023,121.14
16/08/2023,117.24
15/08/2023,121.8
14/08/2023,119.94
11/08/2023,112.13
10/08/2023,108.64
09/08/2023,112.55
08/08/2023,118.74
07/08/2023,120.94
04/08/2023,115.91
03/08/2023,124.6
02/08/2023,115.15
01/08/2023,116.38
31/07/2023,112.03
28/07/2023,109.76
27/07/2023,111.15
26/07/2023,104.88
25/07/2023,113.02
24/07/2023,109.95
21/07/2023,106.66
20/07/2023,112.85
19/07/2023,107.19
18/07/2023,112.45
17/07/2023,113.5
14/07/2023,112.48
13/07/2023,111.75
12/07/2023,114.07
11/07/2023,127.07
10/07/2023,131.73
07/07/2023,130.41
06/07/2023,134.63
05/07/2023,110.53
03/07/2023,110.77
30/06/2023,110.64
29/06/2023,113.45
28/06/2023,108.3
27/06/2023,110.85
26/06/2023,109.02
23/06/2023,105.74
22/06/2023,107.7
21/06/2023,110.84
20/06/2023,114.19
16/06/2023,104.43
15/06/2023,107.34
14/06/2023,114.37
13/06/2023,118.8
12/06/2023,119.8
09/06/2023,115.77
08/06/2023,115.11
07/06/2023,120.5
06/06/2023,114.42
05/06/2023,119.08
02/06/2023,120.95
01/06/2023,124.63
31/05/2023,136.02
30/05/2023,141.36
26/05/2023,145.37
25/05/2023,139.54
24/05/2023,132.29
23/05/2023,131.7
22/05/2023,132.29
19/05/2023,127.51
18/05/2023,122.5
17/05/2023,120.78
16/05/2023,130.3
15/05/2023,127.89
12/05/2023,120.52
11/05/2023,128.21
10/05/2023,125.6
09/05/2023,133.93
08/05/2023,135.07
05/05/2023,130.21
04/05/2023,140.71
03/05/2023,134.5
02/05/2023,137.55
01/05/2023,128.18
28/04/2023,122.46
27/04/2023,122.43
26/04/2023,130.39
25/04/2023,137.13
24/04/2023,126.28
21/04/2023,120.84
20/04/2023,120.61
19/04/2023,124.02
18/04/2023,122.78
17/04/2023,122.69
14/04/2023,118.84
13/04/2023,119.95
12/04/2023,129.68
11/04/2023,139.78
10/04/2023,143.0
07/04/2023,139.2
06/04/2023,147.73
05/04/2023,153.9
04/04/2023,147.75
03/04/2023,138.17
31/03/2023,135.93
30/03/2023,141.24
29/03/2023,150.58
28/03/2023,155.96
27/03/2023,161.67
24/03/2023,173.66
23/03/2023,151.4
22/03/2023,142.84
21/03/2023,162.31
20/03/2023,182.64
17/03/2023,180.11
16/03/2023,167.96
15/03/2023,198.71
14/03/2023,169.65
13/03/2023,173.59
10/03/2023,140.06
09/03/2023,129.28
08/03/2023,129.76
07/03/2023,133.33
06/03/2023,128.19
03/03/2023,122.52
02/03/2023,124.12
01/03/2023,121.08
28/02/2023,123.6
27/02/2023,120.03
24/02/2023,122.84
23/02/2023,117.45
22/02/2023,118.21
21/02/2023,119.62
17/02/2023,110.11
16/02/2023,111.01
15/02/2023,108.64
14/02/2023,110.59
13/02/2023,110.67
10/02/2023,109.63
09/02/2023,102.45
08/02/2023,100.75
07/02/2023,103.15
06/02/2023,105.63
03/02/2023,98.99
02/02/2023,97.76
01/02/2023,97.33
31/01/2023,99.54
30/01/2023,103.77
27/01/2023,100.7
26/01/2023,104.28
25/01/2023,107.74
24/01/2023,112.76
23/01/2023,114.69
20/01/2023,114.76
19/01/2023,114.53
18/01/2023,112.61
17/01/2023,122.27
13/01/2023,113.55
12/01/2023,112.34
11/01/2023,115.17
10/01/2023,119.52
09/01/2023,116.67
06/01/2023,113.87
05/01/2023,119.53
04/01/2023,125.78
03/01/2023,129.97
30/12/2022,121.61
29/12/2022,120.25
28/12/2022,120.07
27/12/2022,124.89
23/12/2022,113.17
22/12/2022,112.05
21/12/2022,115.0
20/12/2022,119.92
19/12/2022,118.32
16/12/2022,113.65
15/12/2022,111.26
14/12/2022,120.26
13/12/2022,135.08
12/12/2022,141.93
09/12/2022,132.79
08/12/2022,129.54
07/12/2022,131.1
06/12/2022,129.09
05/12/2022,126.5
02/12/2022,118.62
01/12/2022,119.77
30/11/2022,127.27
29/11/2022,131.23
28/11/2022,131.73
25/11/2022,129.6
23/11/2022,136.2
22/11/2022,133.53
21/11/2022,132.13
18/11/2022,129.33
17/11/2022,132.18
16/11/2022,130.83
15/11/2022,128.62
14/11/2022,119.99
10/11/2022,111.69
09/11/2022,124.4
08/11/2022,126.33
07/11/2022,128.33
04/11/2022,128.44
03/11/2022,136.28
02/11/2022,141.17
01/11/2022,148.42
31/10/2022,147.92
28/10/2022,144.6
27/10/2022,142.78
26/10/2022,140.2
25/10/2022,147.78
24/10/2022,154.02
21/10/2022,156.95
20/10/2022,155.61
19/10/2022,147.73
18/10/2022,145.79
17/10/2022,150.42
14/10/2022,152.89
13/10/2022,155.08
12/10/2022,160.72
11/10/2022,155.57
07/10/2022,148.46
06/10/2022,153.29
05/10/2022,152.01
04/10/2022,151.21
03/10/2022,152.94
30/09/2022,141.89
29/09/2022,148.14
28/09/2022,158.99
27/09/2022,158.12
26/09/2022,153.61
23/09/2022,137.28
22/09/2022,131.93
21/09/2022,130.54
20/09/2022,134.66
19/09/2022,133.79
16/09/2022,124.95
15/09/2022,124.07
14/09/2022,125.35
13/09/2022,128.87
12/09/2022,123.07
09/09/2022,121.54
07/09/2022,133.12
06/09/2022,133.54
02/09/2022,120.72
01/09/2022,126.58
31/08/2022,124.84
30/08/2022,127.69
29/08/2022,130.14
26/08/2022,122.95
25/08/2022,126.33
24/08/2022,133.13
23/08/2022,133.85
22/08/2022,135.89
19/08/2022,123.81
18/08/2022,120.26
17/08/2022,117.7
16/08/2022,116.83
15/08/2022,113.82
12/08/2022,106.28
11/08/2022,111.11
10/08/2022,115.26
09/08/2022,125.12
08/08/2022,124.12
05/08/2022,122.58
04/08/2022,120.57
03/08/2022,122.04
02/08/2022,129.23
01/08/2022,120.5
29/07/2022,116.36
28/07/2022,119.93
27/07/2022,117.28
26/07/2022,128.55
25/07/2022,128.27
22/07/2022,123.7
21/07/2022,121.15
20/07/2022,122.9
19/07/2022,124.7
18/07/2022,127.69
15/07/2022,129.85
14/07/2022,137.76
13/07/2022,136.1
12/07/2022,148.11
11/07/2022,147.72
08/07/2022,145.25
07/07/2022,149.71
06/07/2022,151.14
05/07/2022,156.16
01/07/2022,144.17
30/06/2022,135.5
29/06/2022,130.43
28/06/2022,135.22
27/06/2022,133.22
24/06/2022,127.0
23/06/2022,125.98
22/06/2022,129.94
21/06/2022,138.91
17/06/2022,133.75
16/06/2022,138.1
15/06/2022,135.93
14/06/2022,144.09
13/06/2022,139.21
10/06/2022,114.23
09/06/2022,105.29
08/06/2022,105.29
07/06/2022,102.61
06/06/2022,102.26
03/06/2022,97.73
02/06/2022,99.27
01/06/2022,109.38
31/05/2022,107.12
27/05/2022,98.48
26/05/2022,102.49
25/05/2022,105.69
24/05/2022,111.15
23/05/2022,110.19
20/05/2022,111.1
19/05/2022,115.05
18/05/2022,114.86
17/05/2022,119.46
16/05/2022,117.95
13/05/2022,114.61
12/05/2022,118.73
11/05/2022,118.05
10/05/2022,126.76
09/05/2022,125.22
06/05/2022,121.42
05/05/2022,122.72
04/05/2022,121.99
03/05/2022,126.46
02/05/2022,135.17
29/04/2022,128.4
28/04/2022,128.74
27/04/2022,130.11
26/04/2022,129.27
25/04/2022,131.63
22/04/2022,128.12
21/04/2022,130.69
20/04/2022,125.12
19/04/2022,122.74
18/04/2022,122.32
14/04/2022,119.66
13/04/2022,116.33
12/04/2022,117.79
11/04/2022,129.87
08/04/2022,124.86
07/04/2022,122.67
06/04/2022,123.92
05/04/2022,116.37
04/04/2022,108.37
01/04/2022,108.34
31/03/2022,106.88
30/03/2022,112.98
29/03/2022,117.92
28/03/2022,129.28
25/03/2022,125.27
24/03/2022,113.14
23/03/2022,105.72
22/03/2022,105.38
21/03/2022,101.94
18/03/2022,91.77
17/03/2022,91.76
16/03/2022,100.57
15/03/2022,101.03
14/03/2022,105.08
11/03/2022,99.03
10/03/2022,105.31
09/03/2022,110.9
08/03/2022,133.37
07/03/2022,140.03
04/03/2022,131.82
03/03/2022,115.18
02/03/2022,110.28
01/03/2022,118.26
28/02/2022,100.4
25/02/2022,93.34
24/02/2022,100.75
23/02/2022,95.15
22/02/2022,95.54
18/02/2022,94.36
17/02/2022,96.17
16/02/2022,92.74
15/02/2022,94.0
14/02/2022,102.28
11/02/2022,94.03
10/02/2022,88.52
09/02/2022,81.76
08/02/2022,82.72
07/02/2022,87.44
04/02/2022,87.68
03/02/2022,85.74
02/02/2022,84.85
01/02/2022,85.22
31/01/2022,85.14
28/01/2022,85.29
27/01/2022,85.62
26/01/2022,85.75
25/01/2022,84.57
24/01/2022,83.77
21/01/2022,81.03
20/01/2022,80.96
19/01/2022,80.14
18/01/2022,84.63
14/01/2022,76.59
13/01/2022,72.57
12/01/2022,74.55
11/01/2022,77.85
10/01/2022,78.12
07/01/2022,74.69
06/01/2022,77.73
05/01/2022,78.68
04/01/2022,83.11
03/01/2022,84.08
31/12/2021,77.1
30/12/2021,77.62
29/12/2021,78.0
28/12/2021,77.52
27/12/2021,80.12
23/12/2021,77.29
22/12/2021,76.85
21/12/2021,79.52
20/12/2021,77.02
17/12/2021,72.46
16/12/2021,69.1
15/12/2021,74.06
14/12/2021,78.98
13/12/2021,76.41
10/12/2021,74.36
09/12/2021,79.54
08/12/2021,80.29
07/12/2021,88.14
06/12/2021,87.89
03/12/2021,79.14
02/12/2021,82.55
01/12/2021,82.97
30/11/2021,84.04
29/11/2021,89.41
26/11/2021,89.45
24/11/2021,83.15
23/11/2021,80.57
22/11/2021,79.21
19/11/2021,73.39
18/11/2021,74.51
17/11/2021,81.58
16/11/2021,81.58
15/11/2021,81.59
12/11/2021,78.61
10/11/2021,78.31
09/11/2021,73.02
08/11/2021,70.97
05/11/2021,66.9
04/11/2021,64.61
03/11/2021,71.22
02/11/2021,71.04
01/11/2021,78.34
29/10/2021,75.45
28/10/2021,71.96
27/10/2021,70.06
26/10/2021,66.7
25/10/2021,68.96
22/10/2021,72.04
21/10/2021,69.42
20/10/2021,65.47
19/10/2021,68.25
18/10/2021,70.77
15/10/2021,62.7
14/10/2021,59.35
13/10/2021,60.84
12/10/2021,62.95
08/10/2021,59.65
07/10/2021,60.91
06/10/2021,60.65
05/10/2021,62.83
04/10/2021,60.61
01/10/2021,57.38
30/09/2021,61.07
29/09/2021,61.21
28/09/2021,62.71
27/09/2021,60.5
24/09/2021,58.46
23/09/2021,56.79
22/09/2021,55.92
21/09/2021,59.2
20/09/2021,59.58
17/09/2021,56.06
16/09/2021,53.7
15/09/2021,53.93
14/09/2021,51.73
13/09/2021,53.1
10/09/2021,51.73
09/09/2021,52.61
08/09/2021,57.02
07/09/2021,57.05
03/09/2021,53.26
02/09/2021,55.8
01/09/2021,58.09
31/08/2021,59.54
30/08/2021,60.14
27/08/2021,57.98
26/08/2021,63.41
25/08/2021,64.51
24/08/2021,63.03
23/08/2021,62.23
20/08/2021,59.95
19/08/2021,59.38
18/08/2021,58.05
17/08/2021,60.28
16/08/2021,59.4
13/08/2021,55.45
12/08/2021,57.39
11/08/2021,60.66
10/08/2021,66.55
09/08/2021,65.72
06/08/2021,62.64
05/08/2021,63.57
04/08/2021,62.67
03/08/2021,65.42
02/08/2021,64.29
30/07/2021,61.19
29/07/2021,62.08
28/07/2021,62.4
27/07/2021,70.07
26/07/2021,69.03
23/07/2021,65.28
22/07/2021,64.96
21/07/2021,65.28
20/07/2021,69.31
19/07/2021,67.58
16/07/2021,58.24
15/07/2021,56.98
14/07/2021,57.31
13/07/2021,60.8
12/07/2021,60.78
09/07/2021,59.92
08/07/2021,61.68
07/07/2021,60.65
06/07/2021,56.55
02/07/2021,52.41
01/07/2021,57.52
30/06/2021,57.27
29/06/2021,56.8
28/06/2021,56.33
25/06/2021,55.58
24/06/2021,54.83
23/06/2021,55.6
22/06/2021,58.64
21/06/2021,61.86
18/06/2021,60.45
17/06/2021,54.91
16/06/2021,54.28
15/06/2021,52.92
14/06/2021,54.03
11/06/2021,50.85
10/06/2021,48.26
09/06/2021,52.84
08/06/2021,49.93
07/06/2021,49.55
04/06/2021,49.78
03/06/2021,53.96
02/06/2021,55.21
01/06/2021,54.99
28/05/2021,52.04
27/05/2021,53.47
26/05/2021,52.82
25/05/2021,53.72
24/05/2021,54.94
21/05/2021,54.59
20/05/2021,55.04
19/05/2021,57.31
18/05/2021,57.18
17/05/2021,58.59
14/05/2021,54.99
13/05/2021,56.59
12/05/2021,58.47
11/05/2021,58.01
10/05/2021,55.48
07/05/2021,54.13
06/05/2021,57.75
05/05/2021,56.93
04/05/2021,58.51
03/05/2021,57.33
30/04/2021,58.13
29/04/2021,59.02
28/04/2021,60.31
27/04/2021,60.15
26/04/2021,60.98
23/04/2021,59.98
22/04/2021,59.62
21/04/2021,62.27
20/04/2021,64.35
19/04/2021,63.96
16/04/2021,62.57
15/04/2021,59.05
14/04/2021,60.08
13/04/2021,61.2
12/04/2021,63.5
09/04/2021,61.21
08/04/2021,60.08
07/04/2021,62.54
06/04/2021,60.29
05/04/2021,61.79
02/04/2021,63.71
01/04/2021,64.99
31/03/2021,71.27
30/03/2021,67.44
29/03/2021,65.96
26/03/2021,61.49
25/03/2021,59.54
24/03/2021,60.71
23/03/2021,60.77
22/03/2021,67.62
19/03/2021,68.8
18/03/2021,70.48
17/03/2021,66.75
16/03/2021,70.81
15/03/2021,70.79
12/03/2021,70.83
11/03/2021,63.9
10/03/2021,63.19
09/03/2021,67.44
08/03/2021,71.65
05/03/2021,69.37
04/03/2021,68.13
03/03/2021,65.83
02/03/2021,57.7
01/03/2021,68.73
26/02/2021,75.66
25/02/2021,74.16
24/02/2021,61.92
23/02/2021,61.73
22/02/2021,62.42
19/02/2021,60.43
18/02/2021,56.12
17/02/2021,55.97
16/02/2021,56.78
12/02/2021,47.01
11/02/2021,45.95
10/02/2021,46.27
09/02/2021,46.75
08/02/2021,48.45
05/02/2021,47.2
04/02/2021,47.25
03/02/2021,46.93
02/02/2021,45.91
01/02/2021,46.28
29/01/2021,47.41
28/01/2021,45.53
27/01/2021,44.16
26/01/2021,43.14
25/01/2021,43.08
22/01/2021,43.09
21/01/2021,43.01
20/01/2021,42.53
19/01/2021,45.23
15/01/2021,45.14
14/01/2021,46.23
13/01/2021,45.6
12/01/2021,50.12
11/01/2021,47.77
08/01/2021,44.81
07/01/2021,45.2
06/01/2021,44.64
05/01/2021,48.95
04/01/2021,49.59
31/12/2020,48.98
30/12/2020,47.19
29/12/2020,46.1
28/12/2020,45.26
24/12/2020,42.11
23/12/2020,42.74
22/12/2020,43.57
21/12/2020,46.66
18/12/2020,44.64
17/12/2020,44.15
16/12/2020,46.96
15/12/2020,48.14
14/12/2020,49.22
11/12/2020,47.52
10/12/2020,47.15
09/12/2020,48.48
08/12/2020,49.1
07/12/2020,49.67
04/12/2020,43.89
03/12/2020,42.53
02/12/2020,43.92
01/12/2020,41.53
30/11/2020,40.84
27/11/2020,39.64
25/11/2020,39.62
24/11/2020,42.38
23/11/2020,43.04
20/11/2020,42.31
19/11/2020,43.53
18/11/2020,43.62
17/11/2020,43.08
16/11/2020,42.49
13/11/2020,42.95
12/11/2020,44.17
10/11/2020,46.19
09/11/2020,44.94
06/11/2020,39.88
05/11/2020,43.76
04/11/2020,47.74
03/11/2020,64.37
02/11/2020,63.56
30/10/2020,61.91
29/10/2020,61.3
28/10/2020,57.13
27/10/2020,57.88
26/10/2020,58.95
23/10/2020,58.46
22/10/2020,59.73
21/10/2020,59.07
20/10/2020,60.42
19/10/2020,61.16
16/10/2020,57.25
15/10/2020,55.62
14/10/2020,53.5
13/10/2020,55.59
09/10/2020,57.52
08/10/2020,57.31
07/10/2020,56.98
06/10/2020,57.75
05/10/2020,39.81
02/10/2020,39.97
01/10/2020,38.65
30/09/2020,39.21
29/09/2020,36.62
28/09/2020,37.4
25/09/2020,36.97
24/09/2020,37.22
23/09/2020,38.63
22/09/2020,39.35
21/09/2020,38.63
18/09/2020,37.24
17/09/2020,38.45
16/09/2020,42.43
15/09/2020,43.06
14/09/2020,44.21
11/09/2020,43.12
10/09/2020,45.21
09/09/2020,48.82
08/09/2020,50.68
04/09/2020,47.04
03/09/2020,45.76
02/09/2020,44.86
01/09/2020,44.3
31/08/2020,47.02
28/08/2020,48.19
27/08/2020,49.29
26/08/2020,47.99
25/08/2020,47.89
24/08/2020,46.33
21/08/2020,45.14
20/08/2020,44.58
19/08/2020,44.6
18/08/2020,46.06
17/08/2020,45.81
14/08/2020,43.09
13/08/2020,45.08
12/08/2020,44.23
11/08/2020,45.26
10/08/2020,42.21
06/08/2020,42.6
05/08/2020,41.75
04/08/2020,44.11
03/08/2020,43.13
31/07/2020,41.98
30/07/2020,40.66
29/07/2020,41.63
28/07/2020,41.27
27/07/2020,42.61
24/07/2020,42.48
23/07/2020,43.93
22/07/2020,45.32
21/07/2020,46.45
20/07/2020,46.82
17/07/2020,45.68
16/07/2020,46.43
15/07/2020,47.08
14/07/2020,50.81
13/07/2020,49.55
10/07/2020,49.19
09/07/2020,50.07
08/07/2020,49.8
07/07/2020,50.98
06/07/2020,52.03
02/07/2020,50.96
01/07/2020,53.28
30/06/2020,54.13
29/06/2020,52.96
26/06/2020,51.21
25/06/2020,51.57
24/06/2020,54.89
23/06/2020,54.04
22/06/2020,53.93
19/06/2020,53.45
18/06/2020,55.15
17/06/2020,58.16
16/06/2020,60.49
15/06/2020,58.09
12/06/2020,55.81
11/06/2020,56.47
10/06/2020,60.02
09/06/2020,62.94
08/06/2020,62.77
05/06/2020,61.97
04/06/2020,61.18
03/06/2020,61.24
02/06/2020,55.35
01/06/2020,55.07
29/05/2020,51.55
28/05/2020,50.57
27/05/2020,52.98
26/05/2020,52.22
25/05/2020,51.67
22/05/2020,51.67
21/05/2020,55.62
20/05/2020,58.85
19/05/2020,60.09
18/05/2020,58.7
15/05/2020,56.53
14/05/2020,59.05
13/05/2020,57.56
12/05/2020,61.26
11/05/2020,61.6
08/05/2020,57.4
07/05/2020,54.93
06/05/2020,51.31
05/05/2020,49.65
04/05/2020,49.25
01/05/2020,48.11
30/04/2020,53.59
29/04/2020,57.15
28/04/2020,58.89
27/04/2020,62.7
24/04/2020,66.09
23/04/2020,67.25
22/04/2020,72.29
21/04/2020,73.83
20/04/2020,70.6
17/04/2020,69.84
16/04/2020,69.93
15/04/2020,70.5
14/04/2020,69.52
13/04/2020,75.85
09/04/2020,74.39
08/04/2020,75.71
07/04/2020,72.21
06/04/2020,66.28
03/04/2020,65.01
02/04/2020,71.99
01/04/2020,83.13
31/03/2020,83.87
30/03/2020,90.7
27/03/2020,88.33
26/03/2020,88.48
25/03/2020,87.14
24/03/2020,111.09
23/03/2020,135.38
20/03/2020,133.37
19/03/2020,141.13
18/03/2020,124.14
17/03/2020,109.85
16/03/2020,124.53
13/03/2020,138.4
12/03/2020,152.62
11/03/2020,127.84
10/03/2020,123.72
09/03/2020,163.7
06/03/2020,125.21
05/03/2020,96.96
04/03/2020,89.59
03/03/2020,102.97
02/03/2020,104.89
28/02/2020,109.67
27/02/2020,92.59
26/02/2020,87.0
25/02/2020,87.38
24/02/2020,86.92
21/02/2020,74.54
20/02/2020,69.6
19/02/2020,68.04
18/02/2020,67.66
14/02/2020,62.38
13/02/2020,63.51
12/02/2020,63.52
11/02/2020,64.89
10/02/2020,68.13
07/02/2020,65.59
06/02/2020,61.24
05/02/2020,64.07
04/02/2020,68.17
03/02/2020,72.81
31/01/2020,72.98
30/01/2020,71.07
29/01/2020,66.17
28/01/2020,65.6
27/01/2020,66.73
24/01/2020,59.94
23/01/2020,55.34
22/01/2020,51.31
21/01/2020,53.42
20/01/2020,49.67
17/01/2020,49.67
16/01/2020,50.37
15/01/2020,50.54
14/01/2020,52.35
13/01/2020,53.27
10/01/2020,53.32
09/01/2020,57.66
08/01/2020,60.49
07/01/2020,62.63
06/01/2020,62.79
03/01/2020,60.12
02/01/2020,57.2
01/01/2020,58.28
31/12/2019,58.28
30/12/2019,59.63
27/12/2019,55.3
26/12/2019,56.42
25/12/2019,58.32
24/12/2019,58.32
23/12/2019,55.31
20/12/2019,54.19
19/12/2019,53.7
18/12/2019,53.41
17/12/2019,55.38
16/12/2019,56.13
13/12/2019,56.44
12/12/2019,61.63
11/12/2019,61.3
10/12/2019,67.09
09/12/2019,67.29
06/12/2019,64.07
05/12/2019,63.73
04/12/2019,63.01
03/12/2019,64.62
02/12/2019,59.42
29/11/2019,56.57
28/11/2019,57.62
27/11/2019,57.62
26/11/2019,60.39
25/11/2019,61.55
22/11/2019,62.17
21/11/2019,61.83
20/11/2019,65.58
19/11/2019,62.64
18/11/2019,64.13
15/11/2019,61.7
14/11/2019,64.17
13/11/2019,66.1
12/11/2019,69.82
11/11/2019,64.44
08/11/2019,64.44
07/11/2019,67.08
06/11/2019,61.73
05/11/2019,61.48
04/11/2019,60.18
01/11/2019,57.28
31/10/2019,65.88
30/10/2019,63.32
29/10/2019,67.61
28/10/2019,67.41
25/10/2019,67.07
24/10/2019,68.97
23/10/2019,73.03
22/10/2019,78.73
21/10/2019,80.25
18/10/2019,78.35
17/10/2019,77.61
16/10/2019,77.94
15/10/2019,80.06
11/10/2019,79.86
10/10/2019,80.14
09/10/2019,79.31
08/10/2019,80.47
07/10/2019,81.86
04/10/2019,83.15
03/10/2019,87.94
02/10/2019,89.39
01/10/2019,85.61
30/09/2019,77.2
27/09/2019,79.97
26/09/2019,79.87
25/09/2019,80.22
24/09/2019,83.07
23/09/2019,81.01
20/09/2019,80.07
19/09/2019,78.14
18/09/2019,79.66
17/09/2019,84.76
16/09/2019,85.95
13/09/2019,85.53
12/09/2019,77.57
11/09/2019,76.7
10/09/2019,76.78
09/09/2019,76.44
06/09/2019,78.82
05/09/2019,79.92
04/09/2019,81.6
03/09/2019,85.27
30/08/2019,86.89
29/08/2019,86.94
28/08/2019,89.87
27/08/2019,88.67
26/08/2019,87.98
23/08/2019,91.82
22/08/2019,83.15
21/08/2019,84.51
20/08/2019,86.86
19/08/2019,86.49
16/08/2019,89.52
15/08/2019,90.62
14/08/2019,87.22
13/08/2019,77.7
12/08/2019,81.58
09/08/2019,78.97
08/08/2019,78.55
07/08/2019,79.08
06/08/2019,73.92
05/08/2019,77.24
02/08/2019,66.11
01/08/2019,64.68
31/07/2019,55.25
30/07/2019,57.84
29/07/2019,58.55
26/07/2019,58.9
25/07/2019,60.99
24/07/2019,60.71
23/07/2019,61.23
22/07/2019,60.97
19/07/2019,63.86
18/07/2019,63.12
17/07/2019,62.29
16/07/2019,61.29
15/07/2019,61.9
12/07/2019,62.78
11/07/2019,62.96
10/07/2019,62.39
09/07/2019,62.9
08/07/2019,63.22
05/07/2019,65.28
03/07/2019,68.33
02/07/2019,68.6
01/07/2019,66.53
28/06/2019,70.43
27/06/2019,69.92
26/06/2019,73.73
25/06/2019,74.22
24/06/2019,73.76
21/06/2019,74.63
20/06/2019,72.37
19/06/2019,71.37
18/06/2019,76.74
17/06/2019,76.88
14/06/2019,80.82
13/06/2019,75.74
12/06/2019,68.43
11/06/2019,64.93
10/06/2019,65.62
07/06/2019,68.69
06/06/2019,73.42
05/06/2019,77.64
04/06/2019,75.26
03/06/2019,73.56
31/05/2019,72.68
30/05/2019,61.74
29/05/2019,63.16
28/05/2019,61.77
24/05/2019,60.54
23/05/2019,61.07
22/05/2019,54.96
21/05/2019,55.35
20/05/2019,56.55
17/05/2019,56.97
16/05/2019,56.98
15/05/2019,57.4
14/05/2019,55.35
13/05/2019,57.89
10/05/2019,53.49
09/05/2019,54.72
08/05/2019,51.31
07/05/2019,52.36
06/05/2019,47.82
03/05/2019,45.78
02/05/2019,46.72
01/05/2019,46.75
30/04/2019,49.47
29/04/2019,48.05
26/04/2019,49.43
25/04/2019,49.79
24/04/2019,50.52
23/04/2019,49.79
22/04/2019,48.78
18/04/2019,49.23
17/04/2019,48.65
16/04/2019,48.31
15/04/2019,47.64
12/04/2019,48.84
11/04/2019,46.9
10/04/2019,48.6
09/04/2019,48.83
08/04/2019,47.89
05/04/2019,49.22
04/04/2019,51.7
03/04/2019,53.84
02/04/2019,54.21
01/04/2019,52.69
29/03/2019,58.55
28/03/2019,59.93
27/03/2019,60.97
26/03/2019,56.51
25/03/2019,57.11
22/03/2019,52.26
21/03/2019,44.51
20/03/2019,42.53
19/03/2019,43.68
18/03/2019,44.95
15/03/2019,46.05
14/03/2019,45.24
13/03/2019,44.57
12/03/2019,44.86
11/03/2019,44.84
08/03/2019,45.83
07/03/2019,45.83
06/03/2019,45.63
05/03/2019,45.86
04/03/2019,46.74
01/03/2019,47.9
28/02/2019,47.22
26/02/2019,46.28
25/02/2019,46.16
22/02/2019,47.22
21/02/2019,46.55
20/02/2019,44.54
19/02/2019,45.06
15/02/2019,45.73
14/02/2019,47.19
13/02/2019,48.17
12/02/2019,49.02
11/02/2019,48.32
08/02/2019,49.63
07/02/2019,48.97
06/02/2019,47.44
05/02/2019,48.62
04/02/2019,48.87
01/02/2019,48.79
31/01/2019,49.81
30/01/2019,48.32
29/01/2019,49.8
28/01/2019,50.95
25/01/2019,52.5
24/01/2019,54.18
23/01/2019,54.19
22/01/2019,54.64
18/01/2019,53.78
17/01/2019,53.44
16/01/2019,51.95
15/01/2019,53.01
14/01/2019,55.34
11/01/2019,55.94
10/01/2019,56.65
09/01/2019,57.02
08/01/2019,59.04
07/01/2019,60.88
04/01/2019,65.82
03/01/2019,65.79
02/01/2019,62.8
31/12/2018,66.58
28/12/2018,66.66
27/12/2018,68.34
26/12/2018,63.89
24/12/2018,66.04
21/12/2018,61.61
20/12/2018,58.76
19/12/2018,59.01
18/12/2018,59.4
17/12/2018,55.41
14/12/2018,56.13
13/12/2018,55.75
12/12/2018,58.23
11/12/2018,58.73
10/12/2018,60.26
07/12/2018,60.74
04/12/2018,53.86
03/12/2018,50.31
30/11/2018,52.43
29/11/2018,50.92
28/11/2018,50.76
27/11/2018,51.24
26/11/2018,51.53
23/11/2018,57.31
21/11/2018,57.65
20/11/2018,59.49
19/11/2018,59.47
16/11/2018,60.43
15/11/2018,56.22
14/11/2018,53.9
13/11/2018,52.23
09/11/2018,53.54
08/11/2018,51.58
06/11/2018,59.01
05/11/2018,59.9
02/11/2018,61.42
01/11/2018,58.54
31/10/2018,60.13
30/10/2018,61.79
29/10/2018,59.77
26/10/2018,62.7
25/10/2018,56.7
24/10/2018,57.69
23/10/2018,55.01
22/10/2018,51.85
19/10/2018,52.04
18/10/2018,52.63
17/10/2018,48.99
16/10/2018,50.18
15/10/2018,51.25
12/10/2018,54.37
11/10/2018,56.07
10/10/2018,55.7
09/10/2018,53.45
05/10/2018,55.19
04/10/2018,55.07
03/10/2018,50.21
02/10/2018,45.35
01/10/2018,44.28
28/09/2018,46.16
27/09/2018,45.71
26/09/2018,47.44
25/09/2018,49.38
24/09/2018,48.31
21/09/2018,48.83
20/09/2018,49.34
19/09/2018,48.79
18/09/2018,47.97
17/09/2018,46.81
14/09/2018,47.45
13/09/2018,46.06
12/09/2018,46.79
11/09/2018,47.97
10/09/2018,47.69
07/09/2018,49.43
06/09/2018,48.65
05/09/2018,48.4
04/09/2018,49.57
31/08/2018,50.71
30/08/2018,50.41
29/08/2018,49.1
28/08/2018,49.95
27/08/2018,49.38
24/08/2018,49.16
23/08/2018,49.2
22/08/2018,49.64
21/08/2018,50.32
20/08/2018,50.97
17/08/2018,50.69
16/08/2018,50.61
15/08/2018,51.52
14/08/2018,49.84
13/08/2018,50.77
10/08/2018,50.63
09/08/2018,47.35
08/08/2018,46.84
07/08/2018,47.15
06/08/2018,46.86
03/08/2018,47.67
02/08/2018,48.0
01/08/2018,48.38
31/07/2018,46.5
30/07/2018,49.42
27/07/2018,48.83
26/07/2018,49.27
25/07/2018,48.29
24/07/2018,50.31
23/07/2018,51.51
20/07/2018,49.05
19/07/2018,47.11
18/07/2018,45.26
17/07/2018,46.64
16/07/2018,47.79
13/07/2018,48.28
12/07/2018,48.57
11/07/2018,50.48
10/07/2018,49.81
09/07/2018,49.69
06/07/2018,50.13
05/07/2018,51.46
03/07/2018,51.22
02/07/2018,50.25
29/06/2018,51.17
28/06/2018,52.13
27/06/2018,53.05
26/06/2018,51.3
25/06/2018,53.04
22/06/2018,53.03
21/06/2018,53.09
20/06/2018,51.92
19/06/2018,52.4
18/06/2018,52.33
15/06/2018,53.08
14/06/2018,52.5
13/06/2018,53.79
12/06/2018,55.96
11/06/2018,57.83
08/06/2018,59.57
07/06/2018,56.58
06/06/2018,56.44
05/06/2018,54.46
04/06/2018,54.3
01/06/2018,56.94
31/05/2018,60.54
30/05/2018,61.86
29/05/2018,63.0
25/05/2018,54.1
24/05/2018,52.16
23/05/2018,53.27
22/05/2018,52.57
21/05/2018,53.08
18/05/2018,53.26
17/05/2018,54.19
16/05/2018,55.13
15/05/2018,52.66
14/05/2018,48.34
11/05/2018,47.06
10/05/2018,47.81
09/05/2018,49.37
08/05/2018,48.82
07/05/2018,48.02
03/05/2018,49.43
02/05/2018,49.05
01/05/2018,51.78
30/04/2018,50.35
27/04/2018,51.27
26/04/2018,53.14
25/04/2018,55.2
24/04/2018,53.0
23/04/2018,52.79
20/04/2018,52.71
19/04/2018,51.1
18/04/2018,50.0
17/04/2018,48.34
16/04/2018,49.74
13/04/2018,51.14
12/04/2018,51.49
11/04/2018,50.5
10/04/2018,51.43
09/04/2018,52.51
06/04/2018,56.07
05/04/2018,53.72
04/04/2018,55.35
03/04/2018,56.02
02/04/2018,58.66
29/03/2018,58.54
28/03/2018,58.35
27/03/2018,56.27
26/03/2018,54.55
23/03/2018,56.17
22/03/2018,55.93
21/03/2018,55.72
20/03/2018,57.89
19/03/2018,59.98
16/03/2018,59.01
15/03/2018,57.71
14/03/2018,57.85
13/03/2018,55.07
12/03/2018,58.29
09/03/2018,58.97
08/03/2018,61.58
07/03/2018,63.35
06/03/2018,63.5
05/03/2018,64.71
02/03/2018,65.3
01/03/2018,63.66
28/02/2018,62.97
27/02/2018,63.93
26/02/2018,63.72
23/02/2018,64.6
22/02/2018,61.14
21/02/2018,61.16
20/02/2018,60.26
16/02/2018,63.03
15/02/2018,66.68
14/02/2018,69.52
13/02/2018,68.97
12/02/2018,69.86
08/02/2018,67.85
07/02/2018,66.07
05/02/2018,60.41
02/02/2018,60.33
01/02/2018,57.83
31/01/2018,57.2
30/01/2018,57.28
29/01/2018,55.98
26/01/2018,55.63
25/01/2018,53.38
24/01/2018,54.11
23/01/2018,52.55
22/01/2018,52.6
18/01/2018,48.55
17/01/2018,45.88
16/01/2018,45.91
12/01/2018,47.61
11/01/2018,48.19
10/01/2018,49.17
09/01/2018,47.29
08/01/2018,45.9
05/01/2018,46.07
04/01/2018,47.38
03/01/2018,47.6
02/01/2018,49.17
29/12/2017,46.6
28/12/2017,46.19
27/12/2017,47.73
26/12/2017,48.82
22/12/2017,50.38
21/12/2017,51.6
20/12/2017,49.95
19/12/2017,48.96
18/12/2017,46.73
15/12/2017,46.43
14/12/2017,44.84
13/12/2017,45.03
12/12/2017,46.75
11/12/2017,46.57
08/12/2017,47.49
07/12/2017,49.24
06/12/2017,49.32
05/12/2017,49.24
04/12/2017,48.76
01/12/2017,50.17
30/11/2017,46.83
29/11/2017,45.54
28/11/2017,44.93
27/11/2017,45.29
24/11/2017,46.16
22/11/2017,46.88
21/11/2017,48.09
20/11/2017,48.1
17/11/2017,49.09
16/11/2017,47.74
15/11/2017,48.0
14/11/2017,47.77
13/11/2017,46.39
10/11/2017,47.29
09/11/2017,44.99
08/11/2017,43.97
07/11/2017,44.2
06/11/2017,45.05
03/11/2017,45.83
02/11/2017,48.73
01/11/2017,49.94
31/10/2017,51.15
30/10/2017,51.69
27/10/2017,54.67
26/10/2017,57.35
25/10/2017,57.36
24/10/2017,55.94
23/10/2017,54.1
20/10/2017,53.98
19/10/2017,51.49
18/10/2017,50.29
17/10/2017,49.03
13/10/2017,50.85
12/10/2017,51.82
11/10/2017,52.69
10/10/2017,53.89
06/10/2017,54.98
05/10/2017,55.58
04/10/2017,54.49
03/10/2017,54.6
02/10/2017,54.46
29/09/2017,52.88
28/09/2017,51.86
27/09/2017,52.08
26/09/2017,50.64
25/09/2017,51.11
22/09/2017,50.52
21/09/2017,48.31
20/09/2017,49.15
19/09/2017,49.86
18/09/2017,50.16
15/09/2017,50.63
14/09/2017,50.73
13/09/2017,51.37
12/09/2017,51.65
11/09/2017,51.88
07/09/2017,54.01
06/09/2017,52.92
05/09/2017,53.32
01/09/2017,49.44
31/08/2017,51.13
30/08/2017,51.56
29/08/2017,51.4
28/08/2017,48.86
25/08/2017,50.56
24/08/2017,52.49
23/08/2017,52.08
22/08/2017,51.3
21/08/2017,52.06
18/08/2017,50.16
17/08/2017,48.84
16/08/2017,48.47
15/08/2017,48.63
14/08/2017,49.3
11/08/2017,52.06
10/08/2017,52.0
09/08/2017,49.67
08/08/2017,47.34
07/08/2017,46.91
04/08/2017,47.28
03/08/2017,47.93
02/08/2017,48.75
01/08/2017,49.97
31/07/2017,48.14
28/07/2017,48.53
27/07/2017,48.42
26/07/2017,47.28
25/07/2017,49.57
24/07/2017,47.0
21/07/2017,47.45
20/07/2017,47.0
19/07/2017,48.26
18/07/2017,49.55
17/07/2017,50.0
14/07/2017,51.03
13/07/2017,52.21
12/07/2017,52.43
11/07/2017,53.22
10/07/2017,53.18
07/07/2017,55.76
06/07/2017,56.96
05/07/2017,56.44
03/07/2017,55.25
30/06/2017,55.22
29/06/2017,54.66
28/06/2017,52.51
27/06/2017,52.1
26/06/2017,50.02
23/06/2017,51.16
22/06/2017,51.13
21/06/2017,51.64
20/06/2017,51.6
19/06/2017,51.6
16/06/2017,51.48
15/06/2017,51.59
14/06/2017,52.22
13/06/2017,51.67
12/06/2017,52.32
09/06/2017,52.56
08/06/2017,53.73
07/06/2017,54.8
06/06/2017,53.22
05/06/2017,53.0
02/06/2017,53.74
01/06/2017,54.0
31/05/2017,53.95
26/05/2017,54.05
25/05/2017,54.32
24/05/2017,54.41
22/05/2017,55.47
19/05/2017,57.82
18/05/2017,58.98
17/05/2017,62.58
16/05/2017,55.5
15/05/2017,56.73
12/05/2017,55.71
11/05/2017,54.47
10/05/2017,55.03
09/05/2017,55.22
08/05/2017,55.41
05/05/2017,58.72
04/05/2017,60.08
03/05/2017,59.38
02/05/2017,60.32
01/05/2017,59.4
28/04/2017,60.19
27/04/2017,59.82
26/04/2017,60.95
25/04/2017,62.36
24/04/2017,63.27
21/04/2017,77.15
20/04/2017,73.86
19/04/2017,73.13
18/04/2017,72.87
17/04/2017,70.96
13/04/2017,74.48
12/04/2017,73.42
11/04/2017,70.56
10/04/2017,68.5
07/04/2017,68.66
06/04/2017,68.25
05/04/2017,63.72
04/04/2017,64.77
03/04/2017,61.23
31/03/2017,60.7
30/03/2017,60.94
29/03/2017,61.02
28/03/2017,61.95
27/03/2017,62.68
24/03/2017,64.45
23/03/2017,65.22
21/03/2017,62.13
20/03/2017,59.82
17/03/2017,60.72
16/03/2017,60.44
15/03/2017,61.62
14/03/2017,65.18
13/03/2017,65.64
10/03/2017,67.7
09/03/2017,69.18
08/03/2017,66.61
07/03/2017,66.03
06/03/2017,65.41
03/03/2017,65.79
02/03/2017,69.54
27/02/2017,70.89
24/02/2017,69.85
23/02/2017,68.64
22/02/2017,69.26
21/02/2017,68.72
17/02/2017,69.78
16/02/2017,68.23
15/02/2017,65.51
14/02/2017,67.26
13/02/2017,68.83
10/02/2017,69.63
09/02/2017,68.95
08/02/2017,68.74
07/02/2017,68.07
06/02/2017,67.55
03/02/2017,67.39
02/02/2017,69.92
01/02/2017,70.84
31/01/2017,72.52
30/01/2017,72.36
27/01/2017,72.19
26/01/2017,74.69
25/01/2017,77.06
24/01/2017,75.53
23/01/2017,75.52
20/01/2017,76.71
19/01/2017,78.32
18/01/2017,73.94
17/01/2017,73.94
13/01/2017,74.5
12/01/2017,73.74
11/01/2017,72.83
10/01/2017,73.26
09/01/2017,74.83
06/01/2017,75.24
05/01/2017,76.5
04/01/2017,76.41
03/01/2017,76.73
30/12/2016,71.63
29/12/2016,71.28
28/12/2016,70.79
27/12/2016,70.66
23/12/2016,72.57
22/12/2016,74.05
21/12/2016,73.97
20/12/2016,75.46
19/12/2016,75.24
16/12/2016,78.22
15/12/2016,78.61
14/12/2016,75.84
13/12/2016,75.36
12/12/2016,76.39
09/12/2016,75.55
08/12/2016,73.11
07/12/2016,73.44
06/12/2016,76.57
05/12/2016,79.84
02/12/2016,82.06
01/12/2016,86.63
30/11/2016,80.96
29/11/2016,77.3
28/11/2016,78.74
25/11/2016,79.69
23/11/2016,78.64
22/11/2016,76.46
21/11/2016,80.58
18/11/2016,81.65
17/11/2016,77.54
16/11/2016,80.12
15/11/2016,84.12
14/11/2016,89.22
10/11/2016,82.57
09/11/2016,76.33
08/11/2016,68.47
04/11/2016,74.61
03/11/2016,72.57
02/11/2016,69.25
01/11/2016,67.76
31/10/2016,65.47
28/10/2016,64.38
26/10/2016,59.51
25/10/2016,57.41
21/10/2016,57.09
20/10/2016,59.62
19/10/2016,61.64
18/10/2016,63.18
17/10/2016,64.42
14/10/2016,64.98
12/10/2016,63.95
07/10/2016,62.84
06/10/2016,64.29
05/10/2016,62.57
04/10/2016,62.08
03/10/2016,60.43
30/09/2016,60.56
29/09/2016,58.84
28/09/2016,57.62
27/09/2016,59.23
26/09/2016,58.85
23/09/2016,59.75
22/09/2016,61.18
21/09/2016,63.73
20/09/2016,69.23
19/09/2016,69.23
16/09/2016,69.21
15/09/2016,69.13
14/09/2016,69.23
13/09/2016,70.6
12/09/2016,68.91
09/09/2016,69.12
08/09/2016,65.95
07/09/2016,64.07
06/09/2016,63.46
02/09/2016,66.46
01/09/2016,70.25
31/08/2016,69.08
30/08/2016,69.11
29/08/2016,68.61
26/08/2016,71.24
25/08/2016,69.36
24/08/2016,66.51
23/08/2016,66.62
22/08/2016,67.87
19/08/2016,64.82
18/08/2016,63.65
17/08/2016,63.54
16/08/2016,63.67
15/08/2016,63.77
12/08/2016,64.37
11/08/2016,65.29
10/08/2016,63.34
09/08/2016,64.3
08/08/2016,65.5
05/08/2016,66.59
04/08/2016,67.1
03/08/2016,67.79
02/08/2016,67.85
01/08/2016,63.67
29/07/2016,64.15
28/07/2016,66.67
27/07/2016,66.64
26/07/2016,68.76
25/07/2016,68.75
22/07/2016,69.91
21/07/2016,71.86
20/07/2016,70.64
19/07/2016,70.53
18/07/2016,72.92
15/07/2016,74.77
14/07/2016,73.56
13/07/2016,71.65
12/07/2016,71.43
11/07/2016,69.78
08/07/2016,72.31
07/07/2016,76.73
06/07/2016,76.09
05/07/2016,78.12
01/07/2016,74.35
30/06/2016,72.64
29/06/2016,71.8
28/06/2016,78.67
27/06/2016,81.57
24/06/2016,77.94
23/06/2016,74.04
22/06/2016,79.52
21/06/2016,76.96
20/06/2016,77.32
17/06/2016,82.58
16/06/2016,83.54
15/06/2016,78.67
14/06/2016,79.1
13/06/2016,79.57
10/06/2016,75.1
08/06/2016,67.92
06/06/2016,66.27
03/06/2016,67.59
02/06/2016,69.56
01/06/2016,68.75
31/05/2016,67.91
27/05/2016,66.76
26/05/2016,66.15
25/05/2016,67.54
24/05/2016,69.41
23/05/2016,67.78
20/05/2016,68.51
19/05/2016,70.56
18/05/2016,69.85
17/05/2016,67.12
16/05/2016,66.94
13/05/2016,64.07
12/05/2016,63.92
11/05/2016,63.89
10/05/2016,63.97
09/05/2016,64.12
06/05/2016,65.15
05/05/2016,68.67
04/05/2016,68.12
03/05/2016,68.41
02/05/2016,64.68
29/04/2016,64.92
28/04/2016,64.64
27/04/2016,64.74
26/04/2016,67.15
25/04/2016,67.89
22/04/2016,67.78
21/04/2016,68.6
20/04/2016,67.77
19/04/2016,66.44
18/04/2016,66.34
15/04/2016,66.49
14/04/2016,67.52
13/04/2016,67.48
12/04/2016,68.78
11/04/2016,69.77
08/04/2016,70.88
07/04/2016,71.09
06/04/2016,69.71
05/04/2016,68.31
04/04/2016,65.36
01/04/2016,67.0
31/03/2016,68.8
30/03/2016,70.54
29/03/2016,72.66
28/03/2016,74.69
24/03/2016,72.68
23/03/2016,71.08
22/03/2016,71.12
21/03/2016,70.83
18/03/2016,71.26
17/03/2016,72.41
16/03/2016,74.16
15/03/2016,78.47
14/03/2016,79.12
11/03/2016,81.42
10/03/2016,80.85
09/03/2016,80.36
08/03/2016,80.72
07/03/2016,77.83
04/03/2016,78.01
03/03/2016,81.72
02/03/2016,83.65
01/03/2016,84.22
29/02/2016,83.39
26/02/2016,82.54
25/02/2016,84.44
24/02/2016,85.09
23/02/2016,83.98
22/02/2016,85.15
19/02/2016,90.1
18/02/2016,86.12
17/02/2016,84.79
16/02/2016,86.82
12/02/2016,93.72
11/02/2016,96.31
10/02/2016,86.32
09/02/2016,91.61
08/02/2016,89.27
05/02/2016,81.67
04/02/2016,83.76
03/02/2016,79.62
02/02/2016,77.49
01/02/2016,73.46
29/01/2016,74.0
28/01/2016,70.98
27/01/2016,71.94
26/01/2016,75.16
25/01/2016,75.41
22/01/2016,77.35
21/01/2016,80.73
20/01/2016,81.82
19/01/2016,77.32
15/01/2016,78.06
14/01/2016,73.61
13/01/2016,74.46
11/01/2016,71.02
08/01/2016,71.01
07/01/2016,74.21
06/01/2016,71.68
05/01/2016,71.42
04/01/2016,68.8
31/12/2015,67.8
30/12/2015,67.3
29/12/2015,67.2
28/12/2015,67.2
24/12/2015,65.5
23/12/2015,66.0
22/12/2015,66.9
21/12/2015,66.4
18/12/2015,67.8
17/12/2015,67.7
16/12/2015,70.2
15/12/2015,79.6
14/12/2015,78.2
11/12/2015,75.0
10/12/2015,72.3
09/12/2015,72.4
08/12/2015,72.7
07/12/2015,70.56
04/12/2015,71.3
03/12/2015,74.6
02/12/2015,72.3
01/12/2015,71.0
30/11/2015,69.9
27/11/2015,69.6
25/11/2015,70.0
24/11/2015,70.9
23/11/2015,70.8
20/11/2015,70.5
19/11/2015,70.5
18/11/2015,71.7
17/11/2015,72.3
16/11/2015,67.7
13/11/2015,68.3
10/11/2015,70.5
06/11/2015,74.3
05/11/2015,76.7
04/11/2015,77.6
03/11/2015,73.3
02/11/2015,73.2
30/10/2015,73.1
29/10/2015,73.1
28/10/2015,70.3
27/10/2015,69.8
26/10/2015,69.7
23/10/2015,70.8
22/10/2015,70.0
21/10/2015,69.7
20/10/2015,71.1
19/10/2015,71.0
16/10/2015,74.7
15/10/2015,74.6
14/10/2015,74.8
13/10/2015,76.3
09/10/2015,78.2
08/10/2015,79.5
07/10/2015,80.0
06/10/2015,80.3
05/10/2015,77.5
02/10/2015,78.9
01/10/2015,81.5
30/09/2015,81.6
29/09/2015,83.3
28/09/2015,76.9
25/09/2015,75.9
24/09/2015,76.4
23/09/2015,69.2
22/09/2015,75.6
21/09/2015,74.5
18/09/2015,75.8
17/09/2015,77.7
16/09/2015,84.9
15/09/2015,85.0
14/09/2015,82.7
11/09/2015,83.8
10/09/2015,83.6
09/09/2015,85.1
08/09/2015,85.2
04/09/2015,86.8
03/09/2015,91.4
02/09/2015,93.1
01/09/2015,88.7
31/08/2015,87.7
28/08/2015,91.1
27/08/2015,91.4
26/08/2015,92.0
25/08/2015,91.1
24/08/2015,94.5
21/08/2015,88.5
20/08/2015,84.6
19/08/2015,81.5
18/08/2015,82.7
17/08/2015,76.1
14/08/2015,77.1
13/08/2015,80.0
12/08/2015,81.5
11/08/2015,78.1
10/08/2015,75.3
07/08/2015,76.2
06/08/2015,80.3
05/08/2015,80.7
04/08/2015,80.47
03/08/2015,74.7
31/07/2015,75.8
30/07/2015,71.2
29/07/2015,69.71
28/07/2015,71.9
27/07/2015,72.2
24/07/2015,73.0
23/07/2015,72.6
22/07/2015,72.1
21/07/2015,72.4
20/07/2015,72.8
17/07/2015,74.21
16/07/2015,76.0
15/07/2015,79.1
14/07/2015,80.8
13/07/2015,84.7
10/07/2015,90.2
09/07/2015,89.3
08/07/2015,89.4
07/07/2015,90.5
06/07/2015,86.18
02/07/2015,88.0
01/07/2015,90.3
30/06/2015,92.3
29/06/2015,89.8
26/06/2015,84.3
25/06/2015,83.32
24/06/2015,82.7
23/06/2015,84.2
22/06/2015,84.4
19/06/2015,84.7
18/06/2015,82.6
17/06/2015,82.4
16/06/2015,85.7
15/06/2015,86.0
12/06/2015,87.7
11/06/2015,87.8
10/06/2015,89.8
09/06/2015,87.2
08/06/2015,87.6
05/06/2015,88.9
04/06/2015,92.21
03/06/2015,91.81
02/06/2015,87.5
01/06/2015,83.55
29/05/2015,82.7
28/05/2015,82.7
27/05/2015,84.0
26/05/2015,85.36
22/05/2015,87.67
21/05/2015,86.1
20/05/2015,87.65
19/05/2015,87.67
18/05/2015,88.2
15/05/2015,83.2
14/05/2015,83.2
13/05/2015,85.6
12/05/2015,87.4
11/05/2015,84.1
08/05/2015,80.9
07/05/2015,89.6
06/05/2015,91.0
05/05/2015,87.7
04/05/2015,81.1
01/05/2015,78.9
30/04/2015,75.3
29/04/2015,73.9
28/04/2015,72.9
27/04/2015,71.0
24/04/2015,71.6
23/04/2015,73.2
22/04/2015,72.9
21/04/2015,72.9
20/04/2015,73.5
17/04/2015,74.4
16/04/2015,72.4
15/04/2015,73.0
14/04/2015,74.8
13/04/2015,75.8
10/04/2015,77.8
09/04/2015,78.8
08/04/2015,80.0
07/04/2015,77.8
06/04/2015,79.0
03/04/2015,79.3
02/04/2015,84.3
01/04/2015,85.6
31/03/2015,86.1
30/03/2015,86.4
27/03/2015,86.2
26/03/2015,86.2
25/03/2015,84.2
24/03/2015,83.7
23/03/2015,84.9
20/03/2015,86.5
19/03/2015,87.8
18/03/2015,85.7
17/03/2015,86.3
16/03/2015,84.8
13/03/2015,86.1
12/03/2015,85.6
11/03/2015,85.0
10/03/2015,84.4
09/03/2015,84.0
06/03/2015,86.6
05/03/2015,89.3
04/03/2015,90.7
03/03/2015,91.8
02/03/2015,90.2
27/02/2015,91.4
26/02/2015,90.5
25/02/2015,91.5
24/02/2015,94.1
23/02/2015,97.7
20/02/2015,98.3
19/02/2015,98.5
18/02/2015,91.4
17/02/2015,91.8
13/02/2015,91.4
12/02/2015,91.6
11/02/2015,94.2
10/02/2015,95.35
09/02/2015,95.1
06/02/2015,93.7
05/02/2015,93.0
04/02/2015,92.3
03/02/2015,92.7
02/02/2015,88.1
29/01/2015,86.6
28/01/2015,86.4
27/01/2015,86.2
26/01/2015,85.3
23/01/2015,89.9
22/01/2015,85.1
21/01/2015,88.3
20/01/2015,90.6
16/01/2015,92.6
15/01/2015,85.3
14/01/2015,85.3
13/01/2015,83.0
12/01/2015,81.9
09/01/2015,80.6
08/01/2015,85.2
07/01/2015,85.2
06/01/2015,84.9
05/01/2015,71.5
02/01/2015,70.0
31/12/2014,68.9
30/12/2014,69.0
29/12/2014,69.2
26/12/2014,55.4
24/12/2014,68.9
23/12/2014,68.8
22/12/2014,70.08
19/12/2014,70.7
18/12/2014,71.17
17/12/2014,72.42
16/12/2014,80.7
15/12/2014,77.6
10/12/2014,68.2
09/12/2014,66.57
08/12/2014,62.8
05/12/2014,64.8
04/12/2014,64.6
03/12/2014,65.8
01/12/2014,67.3
28/11/2014,66.6
26/11/2014,64.7
25/11/2014,64.6
24/11/2014,64.4
21/11/2014,67.0
20/11/2014,69.2
19/11/2014,70.0
18/11/2014,69.2
17/11/2014,66.9
14/11/2014,67.0
13/11/2014,67.0
12/11/2014,66.8
10/11/2014,66.55
07/11/2014,66.6
06/11/2014,69.1
05/11/2014,72.9
04/11/2014,68.6
03/11/2014,67.45
31/10/2014,68.7
30/10/2014,69.56
29/10/2014,73.0
28/10/2014,74.7
27/10/2014,77.6
24/10/2014,81.61
23/10/2014,80.4
22/10/2014,77.2
21/10/2014,78.9
20/10/2014,79.2
17/10/2014,82.9
16/10/2014,90.1
15/10/2014,101.3
14/10/2014,74.6
10/10/2014,68.7
09/10/2014,66.5
08/10/2014,65.0
07/10/2014,65.3
06/10/2014,60.4
03/10/2014,62.5
02/10/2014,66.2
01/10/2014,64.3
30/09/2014,64.2
29/09/2014,62.3
26/09/2014,64.5
25/09/2014,59.1
24/09/2014,58.3
23/09/2014,57.4
22/09/2014,58.0
19/09/2014,59.8
18/09/2014,62.0
17/09/2014,62.3
16/09/2014,67.1
15/09/2014,66.1
12/09/2014,65.6
11/09/2014,62.8
10/09/2014,63.2
09/09/2014,61.5
08/09/2014,60.0
05/09/2014,60.3
04/09/2014,64.9
03/09/2014,64.9
02/09/2014,61.35
29/08/2014,60.49
28/08/2014,59.8
27/08/2014,56.9
26/08/2014,56.45
25/08/2014,57.2
22/08/2014,59.84
21/08/2014,60.2
20/08/2014,62.8
19/08/2014,62.0
18/08/2014,61.69
15/08/2014,60.4
14/08/2014,58.5
13/08/2014,58.8
12/08/2014,59.37
11/08/2014,60.3
08/08/2014,62.47
07/08/2014,59.5
06/08/2014,56.92
05/08/2014,56.7
04/08/2014,52.3
01/08/2014,52.26
31/07/2014,56.46
30/07/2014,55.89
29/07/2014,53.8
28/07/2014,54.08
25/07/2014,54.43
24/07/2014,54.26
23/07/2014,53.4
22/07/2014,53.8
21/07/2014,53.85
18/07/2014,54.4
17/07/2014,54.5
16/07/2014,52.9
15/07/2014,54.0
14/07/2014,54.4
11/07/2014,54.8
10/07/2014,55.6
09/07/2014,55.17
08/07/2014,54.97
07/07/2014,55.05
03/07/2014,56.9
02/07/2014,59.6
01/07/2014,53.25
30/06/2014,52.7
27/06/2014,53.3
26/06/2014,53.25
25/06/2014,54.1
24/06/2014,53.9
23/06/2014,54.6
20/06/2014,54.9
19/06/2014,55.5
18/06/2014,59.4
17/06/2014,58.4
13/06/2014,58.4
11/06/2014,55.4
10/06/2014,56.9
09/06/2014,57.3
06/06/2014,59.3
05/06/2014,65.1
04/06/2014,64.9
03/06/2014,60.9
02/06/2014,59.7
30/05/2014,58.3
29/05/2014,56.4
28/05/2014,55.2
27/05/2014,56.8
23/05/2014,58.2
22/05/2014,58.2
21/05/2014,59.1
20/05/2014,60.0
19/05/2014,58.2
16/05/2014,58.7
15/05/2014,55.7
13/05/2014,56.1
12/05/2014,56.2
09/05/2014,56.1
07/05/2014,57.3
06/05/2014,58.7
05/05/2014,55.3
02/05/2014,55.3
01/05/2014,58.84
30/04/2014,58.9
29/04/2014,59.9
28/04/2014,59.1
24/04/2014,57.8
23/04/2014,56.6
22/04/2014,57.1
21/04/2014,56.8
17/04/2014,59.5
16/04/2014,58.0
15/04/2014,59.2
14/04/2014,59.2
11/04/2014,58.6
10/04/2014,55.4
09/04/2014,54.7
08/04/2014,55.9
07/04/2014,58.8
04/04/2014,58.8
03/04/2014,65.2
02/04/2014,66.3
01/04/2014,61.5
31/03/2014,61.8
28/03/2014,61.9
27/03/2014,59.4
26/03/2014,57.8
25/03/2014,58.34
24/03/2014,58.7
21/03/2014,60.8
20/03/2014,60.8
19/03/2014,65.6
18/03/2014,59.21
17/03/2014,61.8
14/03/2014,62.84
13/03/2014,57.48
12/03/2014,55.1
11/03/2014,55.51
10/03/2014,55.7
07/03/2014,58.2
06/03/2014,61.0
05/03/2014,60.8
04/03/2014,63.2
03/03/2014,57.8
28/02/2014,57.7
27/02/2014,58.1
26/02/2014,57.8
25/02/2014,56.8
24/02/2014,57.4
21/02/2014,58.4
20/02/2014,58.7
19/02/2014,57.3
18/02/2014,56.0
14/02/2014,57.3
13/02/2014,58.1
12/02/2014,61.0
11/02/2014,61.5
10/02/2014,62.3
07/02/2014,64.7
06/02/2014,67.2
04/02/2014,66.8
31/01/2014,64.7
29/01/2014,64.5
28/01/2014,64.5
27/01/2014,64.2
24/01/2014,63.5
23/01/2014,62.2
22/01/2014,60.5
21/01/2014,59.5
17/01/2014,60.3
16/01/2014,60.8
15/01/2014,60.8
14/01/2014,61.6
13/01/2014,58.9
10/01/2014,61.2
09/01/2014,73.7
08/01/2014,75.3
07/01/2014,73.8
06/01/2014,69.9
03/01/2014,72.7
02/01/2014,73.4
31/12/2013,73.5
30/12/2013,69.1
27/12/2013,65.8
26/12/2013,66.8
24/12/2013,67.8
23/12/2013,66.2
20/12/2013,67.3
19/12/2013,67.7
18/12/2013,65.0
17/12/2013,68.5
16/12/2013,69.9
13/12/2013,72.6
12/12/2013,72.8
10/12/2013,70.5
09/12/2013,67.8
06/12/2013,69.2
05/12/2013,76.1
04/12/2013,75.8
03/12/2013,72.1
02/12/2013,73.1
29/11/2013,68.0
27/11/2013,67.8
26/11/2013,65.3
25/11/2013,65.1
22/11/2013,66.8
21/11/2013,68.4
20/11/2013,66.5
19/11/2013,62.3
18/11/2013,58.3
15/11/2013,62.2
14/11/2013,61.9
13/11/2013,65.8
12/11/2013,69.6
08/11/2013,69.9
07/11/2013,66.5
06/11/2013,67.1
05/11/2013,68.6
04/11/2013,64.21
01/11/2013,69.6
31/10/2013,61.7
30/10/2013,60.6
29/10/2013,58.8
28/10/2013,58.5
25/10/2013,61.14
24/10/2013,63.1
23/10/2013,62.0
22/10/2013,63.1
21/10/2013,71.5
18/10/2013,72.5
17/10/2013,70.1
16/10/2013,73.2
15/10/2013,75.8
11/10/2013,77.1
10/10/2013,80.1
09/10/2013,80.8
08/10/2013,81.1
07/10/2013,80.3
04/10/2013,82.5
03/10/2013,80.3
02/10/2013,82.2
01/10/2013,87.4
30/09/2013,80.2
27/09/2013,78.0
26/09/2013,77.6
25/09/2013,75.3
24/09/2013,74.8
23/09/2013,75.3
20/09/2013,77.7
19/09/2013,80.3
18/09/2013,82.7
17/09/2013,90.8
16/09/2013,94.5
13/09/2013,96.2
12/09/2013,96.4
11/09/2013,98.0
10/09/2013,101.8
09/09/2013,100.7
06/09/2013,105.5
05/09/2013,111.4
03/09/2013,105.8
30/08/2013,103.5
29/08/2013,98.8
27/08/2013,94.9
26/08/2013,95.8
23/08/2013,99.8
22/08/2013,58.3
21/08/2013,98.8
20/08/2013,95.7
19/08/2013,99.5
16/08/2013,94.7
15/08/2013,86.7
14/08/2013,80.9
13/08/2013,81.7
12/08/2013,74.1
09/08/2013,75.4
08/08/2013,75.4
07/08/2013,75.4
06/08/2013,78.2
05/08/2013,72.7
02/08/2013,73.2
01/08/2013,91.4
31/07/2013,82.6
30/07/2013,83.3
29/07/2013,83.2
26/07/2013,81.6
25/07/2013,82.6
24/07/2013,80.2
23/07/2013,74.1
22/07/2013,72.6
19/07/2013,75.9
18/07/2013,77.4
17/07/2013,81.9
16/07/2013,88.0
15/07/2013,89.4
12/07/2013,94.5
11/07/2013,93.5
10/07/2013,99.0
09/07/2013,99.5
08/07/2013,107.8
05/07/2013,117.9
03/07/2013,109.3
01/07/2013,101.3
28/06/2013,99.8
27/06/2013,97.1
26/06/2013,103.5
25/06/2013,108.4
24/06/2013,111.0
21/06/2013,103.7
20/06/2013,96.0
19/06/2013,86.9
18/06/2013,81.0
17/06/2013,78.5
14/06/2013,78.5
13/06/2013,82.4
12/06/2013,81.9
11/06/2013,82.3
10/06/2013,84.7
07/06/2013,81.5
06/06/2013,84.7
05/06/2013,83.6
04/06/2013,82.8
03/06/2013,79.2
31/05/2013,80.0
30/05/2013,77.4
29/05/2013,81.2
28/05/2013,75.5
24/05/2013,65.1
23/05/2013,68.2
22/05/2013,65.4
21/05/2013,59.8
20/05/2013,60.5
17/05/2013,61.3
14/05/2013,57.74
13/05/2013,56.51
10/05/2013,55.32
09/05/2013,48.87
08/05/2013,49.49
07/05/2013,49.49
06/05/2013,49.49
02/05/2013,49.0
01/05/2013,49.0
30/04/2013,49.2
29/04/2013,49.6
26/04/2013,50.2
25/04/2013,49.4
24/04/2013,49.8
23/04/2013,50.0
22/04/2013,50.6
19/04/2013,51.3
18/04/2013,51.3
17/04/2013,52.0
16/04/2013,51.9
15/04/2013,52.3
12/04/2013,53.1
11/04/2013,52.6
10/04/2013,53.9
09/04/2013,52.7
08/04/2013,54.9
05/04/2013,54.8
04/04/2013,56.9
03/04/2013,57.9
02/04/2013,56.0
01/04/2013,56.2
28/03/2013,57.3
26/03/2013,56.1
25/03/2013,57.67
15/03/2013,55.8
14/03/2013,56.0
13/03/2013,54.6
12/03/2013,53.7
11/03/2013,55.07
08/03/2013,58.1
07/03/2013,60.5
05/03/2013,56.5
04/03/2013,53.9
01/03/2013,55.0
28/02/2013,55.88
27/02/2013,58.41
26/02/2013,58.0
25/02/2013,60.0
22/02/2013,58.6
21/02/2013,59.7
20/02/2013,57.9
19/02/2013,58.4
15/02/2013,59.1
14/02/2013,59.1
13/02/2013,61.7
12/02/2013,59.8
11/02/2013,60.0
08/02/2013,61.5
07/02/2013,59.9
06/02/2013,62.8
05/02/2013,64.8
04/02/2013,63.1
01/02/2013,65.0
31/01/2013,65.6
30/01/2013,66.4
29/01/2013,62.4
28/01/2013,63.7
25/01/2013,66.2
24/01/2013,55.3
23/01/2013,53.6
22/01/2013,61.89
21/01/2013,58.96
20/01/2013,58.03
19/01/2013,59.57
18/01/2013,55.85
17/01/2013,56.9
16/01/2013,53.2
15/01/2013,53.1
14/01/2013,55.8
11/01/2013,59.2
10/01/2013,58.2
09/01/2013,56.3
08/01/2013,58.6
07/01/2013,59.9
04/01/2013,62.0
03/01/2013,63.5
02/01/2013,61.1
31/12/2012,59.4
28/12/2012,56.7
27/12/2012,55.0
26/12/2012,54.5
24/12/2012,54.9
21/12/2012,55.3
20/12/2012,54.4
19/12/2012,57.8
18/12/2012,63.0
17/12/2012,57.1
14/12/2012,52.8
12/12/2012,53.6
11/12/2012,51.6
10/12/2012,52.25
06/12/2012,53.3
05/12/2012,52.3
04/12/2012,51.7
03/12/2012,51.02
30/11/2012,51.8
29/11/2012,51.7
28/11/2012,52.3
27/11/2012,51.7
21/11/2012,53.9
20/11/2012,53.7
19/11/2012,54.7
16/11/2012,54.98
15/11/2012,55.6
14/11/2012,56.84
13/11/2012,57.3
09/11/2012,59.1
08/11/2012,59.1
07/11/2012,60.9
06/11/2012,69.3
05/11/2012,68.61
02/11/2012,72.3
01/11/2012,72.0
31/10/2012,71.43
29/10/2012,71.1
26/10/2012,73.0
25/10/2012,73.1
24/10/2012,67.1
23/10/2012,68.9
22/10/2012,69.8
19/10/2012,68.5
18/10/2012,69.0
17/10/2012,68.7
16/10/2012,64.8
15/10/2012,63.0
12/10/2012,61.4
11/10/2012,61.4
10/10/2012,59.6
09/10/2012,59.3
05/10/2012,60.4
04/10/2012,59.8
03/10/2012,59.2
02/10/2012,60.4
01/10/2012,59.4
28/09/2012,60.47
27/09/2012,61.08
26/09/2012,58.5
25/09/2012,57.6
24/09/2012,57.5
21/09/2012,59.6
20/09/2012,59.7
19/09/2012,57.5
18/09/2012,59.8
17/09/2012,64.4
14/09/2012,68.3
13/09/2012,65.4
12/09/2012,69.9
11/09/2012,67.9
10/09/2012,68.2
07/09/2012,68.4
06/09/2012,71.0
05/09/2012,68.5
04/09/2012,67.1
31/08/2012,68.7
30/08/2012,68.0
29/08/2012,64.9
28/08/2012,64.3
27/08/2012,66.3
24/08/2012,66.4
23/08/2012,65.5
22/08/2012,66.8
21/08/2012,70.0
20/08/2012,70.2
17/08/2012,74.0
16/08/2012,77.1
15/08/2012,73.0
14/08/2012,67.9
13/08/2012,67.2
10/08/2012,70.1
09/08/2012,73.7
08/08/2012,75.2
07/08/2012,73.9
06/08/2012,69.7
03/08/2012,71.9
02/08/2012,69.4
01/08/2012,74.1
31/07/2012,69.8
30/07/2012,68.4
27/07/2012,69.7
26/07/2012,62.6
25/07/2012,63.1
24/07/2012,62.9
23/07/2012,61.6
20/07/2012,61.3
19/07/2012,61.2
18/07/2012,61.9
17/07/2012,64.2
16/07/2012,62.8
13/07/2012,63.3
12/07/2012,63.4
11/07/2012,63.8
10/07/2012,63.3
09/07/2012,63.4
06/07/2012,66.8
05/07/2012,71.3
03/07/2012,72.4
02/07/2012,71.6
29/06/2012,73.2
28/06/2012,70.2
27/06/2012,70.2
26/06/2012,71.1
25/06/2012,72.8
22/06/2012,75.1
21/06/2012,76.2
20/06/2012,77.7
19/06/2012,84.7
18/06/2012,85.7
15/06/2012,95.4
14/06/2012,91.5
13/06/2012,89.3
12/06/2012,88.5
11/06/2012,86.5
08/06/2012,86.0
07/06/2012,82.1
06/06/2012,87.7
05/06/2012,84.6
04/06/2012,86.5
01/06/2012,80.6
31/05/2012,74.4
30/05/2012,73.0
29/05/2012,68.9
25/05/2012,71.2
24/05/2012,73.1
23/05/2012,73.7
22/05/2012,70.8
21/05/2012,69.1
18/05/2012,70.6
17/05/2012,70.6
16/05/2012,67.0
15/05/2012,67.7
14/05/2012,70.3
11/05/2012,61.5
10/05/2012,57.6
09/05/2012,58.7
08/05/2012,57.7
07/05/2012,56.7
04/05/2012,57.8
03/05/2012,63.3
02/05/2012,65.1
01/05/2012,67.0
30/04/2012,62.9
27/04/2012,64.1
26/04/2012,65.2
25/04/2012,70.6
24/04/2012,71.9
23/04/2012,70.9
20/04/2012,71.4
19/04/2012,72.2
18/04/2012,72.5
17/04/2012,73.9
16/04/2012,72.9
13/04/2012,72.6
12/04/2012,73.5
11/04/2012,76.3
10/04/2012,75.1
09/04/2012,76.2
06/04/2012,78.5
05/04/2012,83.7
04/04/2012,84.6
03/04/2012,84.3
02/04/2012,75.6
30/03/2012,78.6
29/03/2012,75.2
28/03/2012,77.4
27/03/2012,80.7
26/03/2012,85.6
23/03/2012,86.2
22/03/2012,87.1
21/03/2012,89.5
20/03/2012,93.3
19/03/2012,92.3
16/03/2012,84.9
15/03/2012,83.4
14/03/2012,89.7
13/03/2012,73.8
12/03/2012,69.9
09/03/2012,73.2
08/03/2012,76.6
07/03/2012,75.1
06/03/2012,75.8
05/03/2012,75.0
02/03/2012,76.0
01/03/2012,77.4
29/02/2012,75.9
28/02/2012,73.9
27/02/2012,74.8
24/02/2012,77.1
23/02/2012,79.0
22/02/2012,79.6
21/02/2012,79.3
17/02/2012,81.5
16/02/2012,80.1
15/02/2012,76.6
14/02/2012,79.0
13/02/2012,78.8
10/02/2012,80.7
09/02/2012,83.2
08/02/2012,79.0
07/02/2012,79.3
06/02/2012,72.3
03/02/2012,76.7
02/02/2012,70.2
01/02/2012,72.7
31/01/2012,72.1
30/01/2012,72.4
27/01/2012,75.4
26/01/2012,75.9
25/01/2012,76.7
24/01/2012,81.6
23/01/2012,85.8
20/01/2012,84.6
19/01/2012,80.0
18/01/2012,75.0
17/01/2012,75.6
13/01/2012,79.2
12/01/2012,77.1
11/01/2012,78.2
10/01/2012,80.2
09/01/2012,78.6
06/01/2012,81.7
05/01/2012,87.9
04/01/2012,88.9
03/01/2012,90.7
30/12/2011,91.1
29/12/2011,94.1
28/12/2011,95.1
27/12/2011,94.8
23/12/2011,94.2
22/12/2011,90.2
21/12/2011,91.8
20/12/2011,92.3
19/12/2011,87.6
16/12/2011,89.4
15/12/2011,87.2
14/12/2011,91.7
13/12/2011,90.3
12/12/2011,95.8
09/12/2011,99.9
08/12/2011,95.0
07/12/2011,94.3
06/12/2011,93.0
05/12/2011,94.0
02/12/2011,98.6
01/12/2011,100.8
30/11/2011,99.7
29/11/2011,103.1
28/11/2011,102.8
25/11/2011,102.3
23/11/2011,104.7
22/11/2011,103.6
21/11/2011,107.5
18/11/2011,109.8
17/11/2011,111.7
16/11/2011,106.1
15/11/2011,108.6
14/11/2011,113.1
10/11/2011,113.7
09/11/2011,111.8
08/11/2011,105.6
07/11/2011,106.3
04/11/2011,106.6
03/11/2011,109.2
02/11/2011,111.9
01/11/2011,116.0
31/10/2011,107.2
28/10/2011,107.4
27/10/2011,108.1
26/10/2011,105.2
25/10/2011,102.1
24/10/2011,103.6
21/10/2011,107.5
20/10/2011,105.9
19/10/2011,105.0
18/10/2011,107.5
17/10/2011,108.4
14/10/2011,109.2
13/10/2011,106.8
12/10/2011,108.3
11/10/2011,106.8
07/10/2011,106.4
06/10/2011,108.7
05/10/2011,108.9
04/10/2011,109.0
03/10/2011,105.7
30/09/2011,100.6
29/09/2011,100.4
28/09/2011,103.1
27/09/2011,107.3
26/09/2011,107.4
23/09/2011,104.5
22/09/2011,103.4
21/09/2011,93.3
20/09/2011,99.9
19/09/2011,99.6
16/09/2011,97.6
15/09/2011,97.3
14/09/2011,96.6
13/09/2011,97.5
12/09/2011,99.2
09/09/2011,100.7
08/09/2011,99.4
07/09/2011,100.6
06/09/2011,103.1
02/09/2011,99.4
01/09/2011,98.8
31/08/2011,97.9
30/08/2011,99.2
29/08/2011,98.0
26/08/2011,101.5
25/08/2011,107.7
24/08/2011,105.8
23/08/2011,105.5
22/08/2011,104.2
19/08/2011,100.3
18/08/2011,95.0
17/08/2011,87.8
16/08/2011,92.0
15/08/2011,99.8
12/08/2011,109.1
11/08/2011,107.9
10/08/2011,98.9
09/08/2011,107.7
08/08/2011,117.8
05/08/2011,100.7
04/08/2011,91.0
03/08/2011,85.5
02/08/2011,87.1
01/08/2011,84.1
29/07/2011,88.0
28/07/2011,86.5
27/07/2011,89.1
26/07/2011,84.8
25/07/2011,86.8
22/07/2011,84.3
21/07/2011,89.0
20/07/2011,85.1
19/07/2011,88.8
18/07/2011,89.6
15/07/2011,90.4
14/07/2011,89.1
13/07/2011,88.1
12/07/2011,90.3
11/07/2011,88.4
08/07/2011,85.8
07/07/2011,90.4
06/07/2011,89.0
05/07/2011,90.7
01/07/2011,90.5
30/06/2011,88.9
29/06/2011,87.2
28/06/2011,89.4
27/06/2011,83.8
24/06/2011,84.8
23/06/2011,83.6
22/06/2011,79.0
21/06/2011,80.9
20/06/2011,82.5
17/06/2011,85.3
16/06/2011,87.9
15/06/2011,85.9
14/06/2011,82.5
13/06/2011,76.4
10/06/2011,78.1
09/06/2011,77.3
08/06/2011,77.5
07/06/2011,73.5
06/06/2011,75.8
03/06/2011,75.9
02/06/2011,76.6
01/06/2011,72.9
31/05/2011,71.5
27/05/2011,73.9
26/05/2011,74.3
25/05/2011,75.8
24/05/2011,76.7
23/05/2011,78.0
20/05/2011,79.8
19/05/2011,79.8
18/05/2011,77.9
17/05/2011,78.1
16/05/2011,80.3
13/05/2011,82.1
12/05/2011,81.9
11/05/2011,83.2
10/05/2011,80.1
09/05/2011,82.4
06/05/2011,84.1
05/05/2011,83.4
04/05/2011,80.2
03/05/2011,80.1
02/05/2011,76.3
29/04/2011,76.8
28/04/2011,76.8
27/04/2011,79.2
26/04/2011,81.3
25/04/2011,74.8
21/04/2011,76.6
20/04/2011,77.4
19/04/2011,80.2
18/04/2011,82.8
15/04/2011,81.5
14/04/2011,82.2
13/04/2011,83.9
12/04/2011,85.2
11/04/2011,85.8
08/04/2011,88.5
07/04/2011,88.8
06/04/2011,89.7
05/04/2011,85.1
04/04/2011,85.4
01/04/2011,87.5
31/03/2011,90.9
30/03/2011,89.6
29/03/2011,91.8
28/03/2011,93.8
25/03/2011,93.5
24/03/2011,90.1
23/03/2011,91.7
22/03/2011,91.9
21/03/2011,95.6
18/03/2011,100.3
17/03/2011,103.7
16/03/2011,103.6
15/03/2011,94.6
14/03/2011,90.8
11/03/2011,91.7
10/03/2011,94.2
09/03/2011,90.9
08/03/2011,91.2
07/03/2011,94.6
04/03/2011,94.6
03/03/2011,100.4
02/03/2011,96.6
01/03/2011,97.5
28/02/2011,90.5
25/02/2011,93.1
24/02/2011,96.9
23/02/2011,96.7
22/02/2011,97.3
18/02/2011,94.3
17/02/2011,94.4
16/02/2011,95.5
15/02/2011,94.7
14/02/2011,95.6
11/02/2011,97.2
10/02/2011,100.5
09/02/2011,99.3
08/02/2011,101.2
07/02/2011,101.4
04/02/2011,105.1
03/02/2011,102.3
02/02/2011,102.5
01/02/2011,97.2
31/01/2011,96.2
28/01/2011,90.3
27/01/2011,93.2
26/01/2011,93.3
25/01/2011,93.5
24/01/2011,93.7
21/01/2011,95.3
20/01/2011,97.8
19/01/2011,93.4
18/01/2011,97.6
14/01/2011,96.4
13/01/2011,96.4
12/01/2011,98.3
11/01/2011,100.3
10/01/2011,102.5
07/01/2011,107.5
06/01/2011,112.9
05/01/2011,116.2
04/01/2011,102.8
03/01/2011,105.9
31/12/2010,110.4
30/12/2010,111.3
29/12/2010,111.3
28/12/2010,110.2
27/12/2010,106.1
23/12/2010,106.8
22/12/2010,106.4
21/12/2010,104.2
20/12/2010,112.7
17/12/2010,119.1
16/12/2010,122.7
15/12/2010,125.2
14/12/2010,118.4
13/12/2010,110.4
10/12/2010,110.8
09/12/2010,109.0
08/12/2010,112.1
07/12/2010,110.4
06/12/2010,98.2
03/12/2010,102.7
02/12/2010,109.3
01/12/2010,110.1
30/11/2010,101.9
29/11/2010,100.4
26/11/2010,100.8
24/11/2010,101.0
23/11/2010,90.8
22/11/2010,90.6
19/11/2010,94.5
18/11/2010,98.6
17/11/2010,95.1
16/11/2010,100.8
15/11/2010,103.9
12/11/2010,97.7
10/11/2010,91.6
09/11/2010,90.4
08/11/2010,82.5
05/11/2010,81.7
04/11/2010,82.1
03/11/2010,83.1
02/11/2010,98.3
01/11/2010,98.7
29/10/2010,99.8
28/10/2010,98.7
27/10/2010,99.9
26/10/2010,97.4
25/10/2010,90.3
22/10/2010,92.4
21/10/2010,89.6
20/10/2010,87.1
19/10/2010,88.6
18/10/2010,89.5
15/10/2010,88.1
14/10/2010,84.6
13/10/2010,81.3
12/10/2010,78.3
08/10/2010,80.1
07/10/2010,87.8
06/10/2010,90.4
05/10/2010,89.2
04/10/2010,96.7
01/10/2010,86.5
30/09/2010,85.1
29/09/2010,85.6
28/09/2010,84.6
27/09/2010,85.7
24/09/2010,83.7
23/09/2010,88.7
22/09/2010,89.8
21/09/2010,96.6
20/09/2010,103.6
17/09/2010,103.6
16/09/2010,103.8
15/09/2010,102.7
14/09/2010,102.4
13/09/2010,105.5
10/09/2010,107.3
09/09/2010,104.9
08/09/2010,100.9
07/09/2010,98.2
03/09/2010,95.3
02/09/2010,103.2
01/09/2010,110.1
31/08/2010,103.7
30/08/2010,109.7
27/08/2010,109.2
26/08/2010,104.4
25/08/2010,100.7
24/08/2010,97.6
23/08/2010,95.5
20/08/2010,93.2
19/08/2010,91.0
18/08/2010,87.5
17/08/2010,90.9
16/08/2010,92.8
13/08/2010,84.3
12/08/2010,81.4
11/08/2010,76.2
10/08/2010,76.6
09/08/2010,79.8
06/08/2010,80.4
05/08/2010,84.0
04/08/2010,85.9
03/08/2010,81.1
02/08/2010,77.6
30/07/2010,78.2
29/07/2010,75.9
28/07/2010,76.3
27/07/2010,77.1
26/07/2010,77.3
23/07/2010,78.9
22/07/2010,78.8
21/07/2010,78.4
20/07/2010,78.7
19/07/2010,79.4
16/07/2010,81.2
15/07/2010,78.1
14/07/2010,79.0
13/07/2010,80.3
12/07/2010,82.2
09/07/2010,85.1
08/07/2010,85.5
07/07/2010,86.3
06/07/2010,82.6
02/07/2010,88.2
01/07/2010,93.8
30/06/2010,89.7
29/06/2010,89.8
28/06/2010,84.2
25/06/2010,84.7
24/06/2010,85.4
23/06/2010,85.2
22/06/2010,85.9
21/06/2010,87.8
18/06/2010,94.4
17/06/2010,95.2
16/06/2010,96.0
15/06/2010,99.6
14/06/2010,102.9
11/06/2010,105.9
10/06/2010,103.3
09/06/2010,106.6
08/06/2010,108.7
07/06/2010,106.1
04/06/2010,106.4
03/06/2010,104.3
02/06/2010,105.2
01/06/2010,110.3
28/05/2010,112.1
27/05/2010,111.5
26/05/2010,109.9
25/05/2010,112.7
24/05/2010,107.1
21/05/2010,108.7
20/05/2010,110.9
19/05/2010,98.1
18/05/2010,97.2
17/05/2010,96.6
14/05/2010,99.8
13/05/2010,89.5
12/05/2010,93.2
11/05/2010,96.8
10/05/2010,104.4
07/05/2010,112.6
06/05/2010,116.7
05/05/2010,95.8
04/05/2010,88.7
03/05/2010,83.6
30/04/2010,85.5
29/04/2010,83.3
28/04/2010,87.2
27/04/2010,88.9
26/04/2010,83.0
23/04/2010,85.2
22/04/2010,80.1
21/04/2010,79.9
20/04/2010,78.3
19/04/2010,82.3
16/04/2010,82.9
15/04/2010,83.9
14/04/2010,85.3
13/04/2010,86.7
12/04/2010,88.2
09/04/2010,89.8
08/04/2010,90.3
07/04/2010,92.2
06/04/2010,88.6
05/04/2010,90.1
02/04/2010,90.1
01/04/2010,89.8
31/03/2010,85.3
30/03/2010,86.2
29/03/2010,87.1
26/03/2010,87.4
25/03/2010,89.5
24/03/2010,90.1
23/03/2010,78.6
22/03/2010,78.5
19/03/2010,79.4
18/03/2010,75.9
17/03/2010,74.1
16/03/2010,76.9
15/03/2010,77.3
12/03/2010,76.4
11/03/2010,75.6
10/03/2010,75.9
09/03/2010,76.3
08/03/2010,77.6
05/03/2010,78.9
04/03/2010,76.1
03/03/2010,78.9
02/03/2010,78.4
01/03/2010,79.4
26/02/2010,81.2
25/02/2010,82.2
24/02/2010,83.2
23/02/2010,83.9
22/02/2010,81.4
19/02/2010,84.9
18/02/2010,87.2
17/02/2010,85.9
16/02/2010,85.5
12/02/2010,87.0
11/02/2010,89.2
10/02/2010,90.2
09/02/2010,88.1
08/02/2010,88.0
05/02/2010,89.1
04/02/2010,90.9
03/02/2010,90.0
02/02/2010,83.7
01/02/2010,85.3
29/01/2010,86.3
28/01/2010,87.9
27/01/2010,86.3
26/01/2010,88.8
25/01/2010,88.1
22/01/2010,88.3
21/01/2010,87.5
20/01/2010,88.3
19/01/2010,87.9
15/01/2010,89.8
14/01/2010,91.1
13/01/2010,95.5
12/01/2010,92.7
11/01/2010,93.0
08/01/2010,96.3
